   Compiling hopper-lang v0.6.0 (D:\tmp\Hopper-Solana-Zero-copy-State-Framework)
   Compiling hopper-sentinel v0.4.0 (D:\tmp\Hopper-Solana-Zero-copy-State-Framework\examples\hopper-sentinel)
   Compiling hopper-smoke v0.4.0 (D:\tmp\Hopper-Solana-Zero-copy-State-Framework\examples\hopper-smoke)
   Compiling hopper-confidential-lab v0.4.0 (D:\tmp\Hopper-Solana-Zero-copy-State-Framework\examples\hopper-confidential-lab)
   Compiling hopper-migration v0.4.0 (D:\tmp\Hopper-Solana-Zero-copy-State-Framework\examples\hopper-migration)
   Compiling hopper-token-2022-vault v0.4.0 (D:\tmp\Hopper-Solana-Zero-copy-State-Framework\examples\hopper-token-2022-vault)
   Compiling hopper-cicada v0.4.0 (D:\tmp\Hopper-Solana-Zero-copy-State-Framework\examples\hopper-cicada)
   Compiling hopper-runtime-lab v0.4.0 (D:\tmp\Hopper-Solana-Zero-copy-State-Framework\examples\hopper-runtime-lab)
   Compiling hopper-token-lab v0.4.0 (D:\tmp\Hopper-Solana-Zero-copy-State-Framework\examples\hopper-token-lab)
   Compiling hopper-cicada-canonical-route-fixture v0.4.0 (D:\tmp\Hopper-Solana-Zero-copy-State-Framework\examples\hopper-cicada-canonical-route-fixture)
   Compiling hopper-orderbook v0.4.0 (D:\tmp\Hopper-Solana-Zero-copy-State-Framework\examples\hopper-orderbook)
   Compiling hopper-compact-vault v0.4.0 (D:\tmp\Hopper-Solana-Zero-copy-State-Framework\examples\hopper-compact-vault)
   Compiling hopper-xp-program-a v0.4.0 (D:\tmp\Hopper-Solana-Zero-copy-State-Framework\examples\cross-program-read\program-a)
   Compiling hopper-devnet-audit v0.4.0 (D:\tmp\Hopper-Solana-Zero-copy-State-Framework\examples\hopper-devnet-audit)
   Compiling hopper-escrow v0.4.0 (D:\tmp\Hopper-Solana-Zero-copy-State-Framework\examples\hopper-escrow)
   Compiling hopper-cicada-fuzz-adapter v0.0.0 (D:\tmp\Hopper-Solana-Zero-copy-State-Framework\examples\hopper-cicada-fuzz-adapter)
   Compiling hopper-xp-devnet-runner v0.4.0 (D:\tmp\Hopper-Solana-Zero-copy-State-Framework\examples\cross-program-read\runner)
   Compiling hopper-confidential-lab-runner v0.4.0 (D:\tmp\Hopper-Solana-Zero-copy-State-Framework\examples\hopper-confidential-lab\runner)
   Compiling hopper-proc-vault v0.4.0 (D:\tmp\Hopper-Solana-Zero-copy-State-Framework\examples\hopper-proc-vault)
   Compiling hopper-treasury v0.4.0 (D:\tmp\Hopper-Solana-Zero-copy-State-Framework\examples\hopper-treasury)
   Compiling hopper-framework-verifier v0.0.0 (D:\tmp\Hopper-Solana-Zero-copy-State-Framework\bench\framework-comparison\verifier)
   Compiling hopper-tail-lab v0.4.0 (D:\tmp\Hopper-Solana-Zero-copy-State-Framework\examples\hopper-tail-lab)
   Compiling hopper-bounded-multisig v0.4.0 (D:\tmp\Hopper-Solana-Zero-copy-State-Framework\examples\hopper-bounded-multisig)
   Compiling hopper-policy-vault v0.4.0 (D:\tmp\Hopper-Solana-Zero-copy-State-Framework\examples\hopper-policy-vault)
   Compiling hopper-stablecoin-memo-pay v0.4.0 (D:\tmp\Hopper-Solana-Zero-copy-State-Framework\examples\hopper-stablecoin-memo-pay)
   Compiling hopper-argus-guard v0.4.0 (D:\tmp\Hopper-Solana-Zero-copy-State-Framework\examples\hopper-argus-guard)
   Compiling counter-hopper-substrate v0.0.0 (D:\tmp\Hopper-Solana-Zero-copy-State-Framework\bench\framework-comparison\programs\counter\hopper-substrate)
   Compiling hopper-vault v0.4.0 (D:\tmp\Hopper-Solana-Zero-copy-State-Framework\examples\hopper-vault)
   Compiling hopper-trybuild v0.4.0 (D:\tmp\Hopper-Solana-Zero-copy-State-Framework\tests\hopper-trybuild)
   Compiling hopper-router v0.1.0 (D:\tmp\Hopper-Solana-Zero-copy-State-Framework\examples\hopper-router)
   Compiling hopper-borrowed-slices-fixture v0.0.0 (D:\tmp\Hopper-Solana-Zero-copy-State-Framework\bench\borrowed-slices\program)
   Compiling hopper-registry v0.4.0 (D:\tmp\Hopper-Solana-Zero-copy-State-Framework\examples\hopper-registry)
   Compiling hopper-token-2022-ata v0.4.0 (D:\tmp\Hopper-Solana-Zero-copy-State-Framework\examples\hopper-token-2022-ata)
   Compiling hopper-canonical-pda-fixture v0.0.0 (D:\tmp\Hopper-Solana-Zero-copy-State-Framework\bench\canonical-pda\program)
   Compiling hopper-styx-ferry v0.4.0 (D:\tmp\Hopper-Solana-Zero-copy-State-Framework\examples\hopper-styx-ferry)
   Compiling hello-hopper v0.0.0 (D:\tmp\Hopper-Solana-Zero-copy-State-Framework\bench\framework-comparison\programs\hello\hopper)
   Compiling hopper-xp-program-b v0.4.0 (D:\tmp\Hopper-Solana-Zero-copy-State-Framework\examples\cross-program-read\program-b)
   Compiling hello-hopper-substrate v0.0.0 (D:\tmp\Hopper-Solana-Zero-copy-State-Framework\bench\framework-comparison\programs\hello\hopper-substrate)
   Compiling hopper-parity-vault v0.4.0 (D:\tmp\Hopper-Solana-Zero-copy-State-Framework\examples\hopper-parity-vault)
   Compiling hopper-mint-plan-fixture v0.0.0 (D:\tmp\Hopper-Solana-Zero-copy-State-Framework\bench\mint-plan\program)
   Compiling hopper-byte-allowance v0.4.0 (D:\tmp\Hopper-Solana-Zero-copy-State-Framework\examples\hopper-byte-allowance)
   Compiling hopper-showcase v0.4.0 (D:\tmp\Hopper-Solana-Zero-copy-State-Framework\examples\hopper-showcase)
   Compiling hopper-token-2022-transfer-hook v0.4.0 (D:\tmp\Hopper-Solana-Zero-copy-State-Framework\examples\hopper-token-2022-transfer-hook)
   Compiling hopper-nft-mint v0.4.0 (D:\tmp\Hopper-Solana-Zero-copy-State-Framework\examples\hopper-nft-mint)
   Compiling hopper-virtual-state v0.4.0 (D:\tmp\Hopper-Solana-Zero-copy-State-Framework\examples\hopper-virtual-state)
   Compiling hopper-runtime-gate-fixture v0.0.0 (D:\tmp\Hopper-Solana-Zero-copy-State-Framework\bench\runtime-gate\program)
   Compiling hopper-external-oracle v0.4.0 (D:\tmp\Hopper-Solana-Zero-copy-State-Framework\examples\hopper-external-oracle)
   Compiling hopper-function-lab v0.0.0 (D:\tmp\Hopper-Solana-Zero-copy-State-Framework\bench\function-lab\program)
   Compiling hopper-cicada-route-fixture v0.4.0 (D:\tmp\Hopper-Solana-Zero-copy-State-Framework\examples\hopper-cicada-route-fixture)
   Compiling counter-hopper v0.0.0 (D:\tmp\Hopper-Solana-Zero-copy-State-Framework\bench\framework-comparison\programs\counter\hopper)
   Compiling hopper-counter v0.4.0 (D:\tmp\Hopper-Solana-Zero-copy-State-Framework\examples\hopper-counter)
   Compiling hopper-pda-boundaries-fixture v0.0.0 (D:\tmp\Hopper-Solana-Zero-copy-State-Framework\bench\pda-boundaries\program)
   Compiling hopper-borrowed-args-fixture v0.0.0 (D:\tmp\Hopper-Solana-Zero-copy-State-Framework\bench\borrowed-args\program)
    Finished `test` profile [unoptimized + debuginfo] target(s) in 7m 44s
     Running unittests src\lib.rs (target/borrowed-slices-host-check\debug\deps\counter_hopper-a202caf24935e112.exe)

running 0 tests

test result: ok. 0 passed; 0 failed; 0 ignored; 0 measured; 0 filtered out; finished in 0.00s

     Running unittests src\lib.rs (target/borrowed-slices-host-check\debug\deps\counter_hopper_substrate-750d7be5cedf6ad6.exe)

running 0 tests

test result: ok. 0 passed; 0 failed; 0 ignored; 0 measured; 0 filtered out; finished in 0.00s

     Running unittests src\lib.rs (target/borrowed-slices-host-check\debug\deps\grillo_manifest-01f45a23fbae38c5.exe)

running 49 tests
test commitment::tests::changing_selector_wire_metadata_changes_the_commitment ... ok
test manifest::tests::legacy_manifest_without_strict_writes_is_refused ... ok
test authority::tests::widening_a_field_range_is_named_by_field ... ok
test authority::tests::whitespace_does_not_change_the_digest ... ok
test authority::tests::exact_cell_rule_removal_widens ... ok
test authority::tests::header_write_is_labelled ... ok
test commitment::tests::commitment_is_deterministic ... ok
test authority::tests::interval_arithmetic ... ok
test authority::tests::context_constraint_removal_widens ... ok
test commitment::tests::changing_a_range_offset_changes_the_commitment ... ok
test authority::tests::a_field_moving_offset_keeps_its_authority ... ok
test commitment::tests::flipping_strict_writes_changes_the_commitment ... ok
test commitment::tests::flipping_mutation_complete_changes_the_commitment ... ok
test authority::tests::new_instruction_and_rebinding_are_reported ... ok
test commitment::tests::instruction_commitment_differs_from_manifest_commitment ... ok
test authority::tests::legacy_manifests_are_refused ... ok
test commitment::tests::reordering_ranges_changes_the_commitment ... ok
test manifest::tests::malformed_json_is_a_json_error ... ok
test manifest::tests::ignores_unknown_manifest_fields ... ok
test authority::tests::approval_binds_digests_and_findings ... ok
test manifest::tests::parses_a_minimal_strict_writes_instruction ... ok
test manifest::tests::parses_parametric_rules_and_selector_wire_metadata ... ok
test authority::tests::identical_manifests_are_not_widened ... ok
test commitment::tests::cosmetic_changes_do_not_change_the_commitment ... ok
test commitment::tests::changing_a_range_size_changes_the_commitment ... ok
test authority::tests::dropping_strict_writes_is_unbounded ... ok
test commitment::tests::changing_any_parametric_rule_field_changes_the_commitment ... ok
test effect_v2::tests::discriminator_prefix_shadow_is_rejected ... ok
test authority::tests::removing_the_signer_account_widens ... ok
test authority::tests::seed_swap_needs_review ... ok
test manifest::tests::non_manifest_json_is_refused ... ok
test manifest::tests::range_end_widens_and_does_not_overflow ... ok
test authority::tests::lamport_contract_changes ... ok
test resolve::tests::bounded_vector_before_selector_fails_closed_without_exact_element_shape ... ok
test effect_v2::tests::commitment_covers_full_discriminator_and_roles ... ok
test commitment::tests::adding_a_lamport_permission_changes_the_commitment ... ok
test resolve::tests::envelope_must_be_statically_declared ... ok
test resolve::tests::duplicate_argument_names_fail_closed ... ok
test resolve::tests::malformed_selector_payload_fails_closed ... ok
test resolve::tests::every_verifier_relevant_resolved_field_is_committed ... ok
test resolve::tests::overlapping_envelopes_are_rejected ... ok
test resolve::tests::payload_resolves_static_minus_envelope_plus_selected_cell ... ok
test resolve::tests::unknown_fixed_argument_before_selector_fails_closed ... ok
test resolve::tests::selector_changes_resolved_commitment ... ok
test sha256::tests::abc_vector ... ok
test sha256::tests::empty_vector ... ok
test sha256::tests::one_bit_change_changes_the_whole_digest ... ok
test sha256::tests::two_block_vector ... ok
test sha256::tests::long_repeated_message_spans_many_blocks ... ok

test result: ok. 49 passed; 0 failed; 0 ignored; 0 measured; 0 filtered out; finished in 0.03s

     Running tests\authority_diff_field_rules.rs (target/borrowed-slices-host-check\debug\deps\authority_diff_field_rules-1b6626d43c008db3.exe)

running 8 tests
test several_rules_on_one_field_intersect ... ok
test the_same_bounds_spelled_differently_are_informational ... ok
test a_manifest_without_rules_and_the_same_rules_report_nothing ... ok
test tighter_and_added_rules_narrow_and_say_what_stops_binding ... ok
test a_removed_rule_is_a_widening ... ok
test an_approval_covers_exactly_the_reviewed_widening ... ok
test a_rule_with_a_condition_beyond_its_bounds_needs_review_unless_it_only_adds ... ok
test a_looser_bound_is_a_widening ... ok

test result: ok. 8 passed; 0 failed; 0 ignored; 0 measured; 0 filtered out; finished in 0.03s

     Running tests\authority_diff_real_manifests.rs (target/borrowed-slices-host-check\debug\deps\authority_diff_real_manifests-85df76d79e00d7f9.exe)

running 5 tests
test sentinel_dropped_signer_and_wider_range_are_named ... ok
test sentinel_shared_context_constraints_are_joined_by_instruction_name ... ok
test cicada_exact_cell_rules_are_compared ... ok
test cicada_context_relations_are_compared ... ok
test real_manifests_do_not_widen_against_themselves ... ok

test result: ok. 5 passed; 0 failed; 0 ignored; 0 measured; 0 filtered out; finished in 0.02s

     Running tests\effect_v2_contract.rs (target/borrowed-slices-host-check\debug\deps\effect_v2_contract-fe9eff4d98d1644b.exe)

running 4 tests
test grammar_expands_in_fixed_group_iteration_role_order ... ok
test commitment_covers_deployment_discriminator_transitions_and_grammar ... ok
test strict_json_rejects_unknown_fields_and_wrong_version ... ok
test strict_json_requires_and_round_trips_full_discriminator_bytes ... ok

test result: ok. 4 passed; 0 failed; 0 ignored; 0 measured; 0 filtered out; finished in 0.00s

     Running tests\parse_real_cicada_manifest.rs (target/borrowed-slices-host-check\debug\deps\parse_real_cicada_manifest-1b9b40cc88634ef3.exe)

running 8 tests
test cicada_manifest_tracks_custody_and_initializer_accounts ... ok
test execute_intent_publishes_the_executor_column_cell_rules ... ok
test out_of_range_slot_fails_closed ... ok
test reclaim_intent_publishes_full_column_cell_rules ... ok
test cicada_manifest_parses_with_parametric_instructions ... ok
test resolving_execute_intent_narrows_to_the_selected_cell_without_broadening ... ok
test resolved_commitment_is_selector_sensitive ... ok
test checked_in_fixture_contains_the_complete_emitted_surface ... ok

test result: ok. 8 passed; 0 failed; 0 ignored; 0 measured; 0 filtered out; finished in 0.00s

     Running tests\parse_real_manifest.rs (target/borrowed-slices-host-check\debug\deps\parse_real_manifest-4eb55da263cf66a0.exe)

running 7 tests
test honest_pause_has_strict_writes_and_exactly_the_two_declared_ranges ... ok
test collect_fees_is_mutation_complete_with_the_declared_lamport_account ... ok
test raw_context_handlers_are_absent_from_the_manifest ... ok
test sentinel_manifest_parses ... ok
test unpause_shares_the_pause_write_set_and_commitment ... ok
test serde_round_trips_through_the_model ... ok
test commitment_is_stable_across_reparses_and_sensitive_to_ranges ... ok

test result: ok. 7 passed; 0 failed; 0 ignored; 0 measured; 0 filtered out; finished in 0.00s

     Running unittests src\lib.rs (target/borrowed-slices-host-check\debug\deps\grillo_verifier-022371fd5deed20c.exe)

running 3 tests
test verify::tests::changed_intervals_coalesces_adjacent_bytes ... ok
test verify::tests::first_gap_detects_coverage_and_gaps ... ok
test verify::tests::changed_intervals_flags_length_growth ... ok

test result: ok. 3 passed; 0 failed; 0 ignored; 0 measured; 0 filtered out; finished in 0.00s

     Running unittests src\bin\grillo.rs (target/borrowed-slices-host-check\debug\deps\grillo-9c026aed270af1ff.exe)

running 0 tests

test result: ok. 0 passed; 0 failed; 0 ignored; 0 measured; 0 filtered out; finished in 0.00s

     Running tests\bundle_cli_e2e.rs (target/borrowed-slices-host-check\debug\deps\bundle_cli_e2e-f20f435a6b7fc85e.exe)

running 6 tests
test malformed_hex_is_a_bundle_error_never_a_verdict ... ok
test a_parametric_bundle_without_argument_payload_is_inconclusive ... ok
test an_immutable_user_column_write_bundle_is_a_violation ... ok
test a_neighbor_slot_write_bundle_is_a_violation ... ok
test duplicate_snapshot_indices_are_malformed_even_when_each_would_pass ... ok
test a_real_slot3_execute_bundle_verifies_as_a_scoped_pass ... ok

test result: ok. 6 passed; 0 failed; 0 ignored; 0 measured; 0 filtered out; finished in 0.01s

     Running tests\cicada_parametric_e2e.rs (target/borrowed-slices-host-check\debug\deps\cicada_parametric_e2e-745057c63b3b93ae.exe)

running 7 tests
test out_of_range_slot_is_a_resolution_error_not_a_verdict ... ok
test writing_a_neighbor_slots_cell_is_an_unauthorized_acquisition ... ok
test execute_intent_cannot_touch_an_immutable_user_column ... ok
test acquired_but_unchanged_executor_cells_are_a_clean_pass ... ok
test unresolved_execute_intent_is_inconclusive_not_a_false_pass ... ok
test an_undeclared_change_to_an_authorized_cell_is_an_untracked_write ... ok
test a_real_slot3_execute_verifies_as_a_scoped_pass ... ok

test result: ok. 7 passed; 0 failed; 0 ignored; 0 measured; 0 filtered out; finished in 0.00s

     Running tests\invocation_frame_v2.rs (target/borrowed-slices-host-check\debug\deps\invocation_frame_v2-3b57cb02c6db5599.exe)

running 19 tests
test impossible_frame_limits_and_future_deployments_are_rejected ... ok
test transaction_index_and_pubkey_mapping_must_be_consistent ... ok
test failed_child_must_have_complete_unchanged_state ... ok
test cpi_children_are_bound_to_the_same_transaction_and_exact_call_path ... ok
test deployment_manifest_and_full_discriminator_are_bound ... ok
test fixed_and_remaining_roles_reject_reorder_and_omission ... ok
test writable_duplicate_alias_is_rejected_before_verification ... ok
test allowed_alias_counts_a_shrunk_physical_transition_once ... ok
test failed_child_is_an_unsuccessful_rollback_path_for_cpi_policy ... ok
test allowed_alias_counts_one_physical_transition_once ... ok
test forbidden_and_undeclared_cpi_are_rejected ... ok
test cpi_children_cannot_invent_accounts_or_escalate_writability ... ok
test complete_frame_binds_and_passes_without_authenticity_promotion ... ok
test changed_data_bytes_counts_growth_and_shrink_symmetrically ... ok
test transaction_wide_snapshots_cannot_produce_an_invocation_pass ... ok
test rolled_back_child_must_have_complete_unchanged_state ... ok
test every_frame_and_bound_tamper_changes_commitments ... ok
test verifier_catches_each_state_dimension ... ok
test untrusted_provenance_labels_are_bounded_before_commitment_at_every_depth ... ok

test result: ok. 19 passed; 0 failed; 0 ignored; 0 measured; 0 filtered out; finished in 0.05s

     Running tests\touch_map_decode.rs (target/borrowed-slices-host-check\debug\deps\touch_map_decode-d4ad4460c63462b4.exe)

running 5 tests
test decodes_a_synthetic_map_matching_hand_built_records ... ok
test decodes_an_empty_map ... ok
test overflowed_and_skipped_flags_mark_a_partial_map ... ok
test rejects_bad_magic_version_and_length ... ok
test write_bit_and_offset_masking_are_independent ... ok

test result: ok. 5 passed; 0 failed; 0 ignored; 0 measured; 0 filtered out; finished in 0.00s

     Running tests\verdict_unit.rs (target/borrowed-slices-host-check\debug\deps\verdict_unit-bce011ddc4090a11.exe)

running 16 tests
test a_partial_map_is_inconclusive_never_a_false_pass ... ok
test acquired_but_unchanged_is_a_pass_note_not_a_violation ... ok
test a_write_spanning_two_adjacent_authorized_ranges_is_authorized ... ok
test changed_evidence_is_ordered_by_account_not_input_order ... ok
test lamport_delta_is_ignored_when_not_mutation_complete ... ok
test pass_evidence_distinguishes_observed_and_unobserved_lamports ... ok
test parametric_contract_requires_wire_resolution_and_rejects_neighbor_cell ... ok
test pass_when_changed_within_acquired_within_authorized ... ok
test reads_outside_authorized_are_not_violations ... ok
test render_reports_each_verdict_shape ... ok
test repeated_account_indices_cannot_produce_a_pass_or_inflate_evidence ... ok
test unauthorized_acquisition_when_a_write_record_escapes_the_authorized_set ... ok
test unauthorized_lamport_delta_on_a_mutation_complete_contract ... ok
test untracked_write_when_a_changed_byte_is_not_acquired ... ok
test whole_account_authorized_range_covers_any_write_without_overflow ... ok
test no_byte_contract_is_inconclusive ... ok

test result: ok. 16 passed; 0 failed; 0 ignored; 0 measured; 0 filtered out; finished in 0.00s

     Running unittests src\lib.rs (target/borrowed-slices-host-check\debug\deps\hello_hopper-c7e2e296e129a8f3.exe)

running 0 tests

test result: ok. 0 passed; 0 failed; 0 ignored; 0 measured; 0 filtered out; finished in 0.00s

     Running unittests src\lib.rs (target/borrowed-slices-host-check\debug\deps\hello_hopper_substrate-813dde397bfc01a8.exe)

running 0 tests

test result: ok. 0 passed; 0 failed; 0 ignored; 0 measured; 0 filtered out; finished in 0.00s

     Running unittests src\lib.rs (target/borrowed-slices-host-check\debug\deps\hopper_anchor-d042321ff38df7f6.exe)

running 12 tests
test anchor::tests::anchor_body_mut_writes ... ok
test anchor::tests::check_and_body_rejects_wrong_disc ... ok
test anchor::tests::check_and_body_combined ... ok
test anchor::tests::different_names_different_discs ... ok
test anchor::tests::check_disc_rejects_short ... ok
test anchor::tests::check_disc_rejects_wrong ... ok
test anchor::tests::check_disc_succeeds ... ok
test anchor::tests::check_ix_and_body_works ... ok
test anchor::tests::anchor_body_returns_tail ... ok
test anchor::tests::disc_is_deterministic ... ok
test anchor::tests::ix_disc_differs_from_account_disc ... ok
test anchor::tests::event_disc_differs_from_others ... ok

test result: ok. 12 passed; 0 failed; 0 ignored; 0 measured; 0 filtered out; finished in 0.00s

     Running unittests src\lib.rs (target/borrowed-slices-host-check\debug\deps\hopper_argus_guard-29971f80fcb4a6fc.exe)

running 1 test
test tests::risk_book_layout_is_stable ... ok

test result: ok. 1 passed; 0 failed; 0 ignored; 0 measured; 0 filtered out; finished in 0.00s

     Running unittests src\lib.rs (target/borrowed-slices-host-check\debug\deps\hopper_associated_token-f6a6404bf784ebc3.exe)

running 1 test
test layout::tests::golden_vectors ... ok

test result: ok. 1 passed; 0 failed; 0 ignored; 0 measured; 0 filtered out; finished in 0.00s

     Running unittests src\lib.rs (target/borrowed-slices-host-check\debug\deps\hopper_borrowed_args_fixture-2812e45260aba345.exe)

running 0 tests

test result: ok. 0 passed; 0 failed; 0 ignored; 0 measured; 0 filtered out; finished in 0.00s

     Running unittests src\lib.rs (target/borrowed-slices-host-check\debug\deps\hopper_borrowed_slices_fixture-0a3ebb026cc76ab9.exe)

running 0 tests

test result: ok. 0 passed; 0 failed; 0 ignored; 0 measured; 0 filtered out; finished in 0.00s

     Running unittests src\lib.rs (target/borrowed-slices-host-check\debug\deps\hopper_bounded_multisig-eec3f850deb02d84.exe)

running 3 tests
test state::tests::bounded_tail_roundtrips_label_and_signers ... ok
test state::tests::multisig_data_helpers_cover_initialize_update_and_thresholds ... ok
test state::tests::duplicate_members_cannot_satisfy_a_threshold ... ok

test result: ok. 3 passed; 0 failed; 0 ignored; 0 measured; 0 filtered out; finished in 0.00s

     Running unittests src\lib.rs (target/borrowed-slices-host-check\debug\deps\hopper_builtins-7cc64466bf228dea.exe)

running 6 tests
test tests::memcmp_inline_boundary_lengths ... ok
test tests::memcmp_inline_is_lexicographic_not_native_word_order ... ok
test tests::bcmp_inline_zero_iff_equal ... ok
test tests::memset_inline_byte_exact_and_bounded ... ok
test tests::memcpy_inline_byte_exact_and_bounded ... ok
test tests::memcmp_inline_matches_reference_at_every_mismatch_index ... ok

test result: ok. 6 passed; 0 failed; 0 ignored; 0 measured; 0 filtered out; finished in 0.00s

     Running unittests src\lib.rs (target/borrowed-slices-host-check\debug\deps\hopper_byte_allowance-88af92e006358454.exe)

running 1 test
test __hopper_manifest_export::__hopper_print_manifest ... ok

test result: ok. 1 passed; 0 failed; 0 ignored; 0 measured; 0 filtered out; finished in 0.00s

     Running unittests src\lib.rs (target/borrowed-slices-host-check\debug\deps\hopper_canonical_pda_fixture-8acac41717af5c91.exe)

running 0 tests

test result: ok. 0 passed; 0 failed; 0 ignored; 0 measured; 0 filtered out; finished in 0.00s

     Running unittests src\lib.rs (target/borrowed-slices-host-check\debug\deps\hopper_checked_cpi_fixture-2d6f747611721d73.exe)

running 0 tests

test result: ok. 0 passed; 0 failed; 0 ignored; 0 measured; 0 filtered out; finished in 0.00s

     Running unittests src\lib.rs (target/borrowed-slices-host-check\debug\deps\hopper_cicada-b0333b06e2a6ab50.exe)

running 27 tests
test tests::claim_policy_is_narrowed_to_the_invocation_slot ... ok
test tests::cicada_token_2022_policy_is_complete_and_fails_closed ... ok
test tests::claim_manifest_can_write_executor_columns_but_not_owner_or_limits ... ok
test tests::allowlisted_executor_can_reserve_or_execute_directly ... ok
test tests::committed_mints_may_only_be_duplicated_readonly ... ok
test tests::loader_v4_initialization_requires_live_deployed_authority ... ok
test tests::duplicate_route_pubkeys_must_be_readonly_with_identical_flags ... ok
test tests::revision_increment_fails_instead_of_reusing_u64_max ... ok
test tests::route_commitment_host_alias_rules_match_execution ... ok
test tests::route_commitment_rejects_unexecutable_host_envelopes ... ok
test tests::settlement_accounts_reject_a_distinct_close_authority ... ok
test tests::token_2022_custody_rejects_unrestorable_or_blocking_account_extensions ... ok
test tests::loader_v3_initialization_is_bound_to_upgrade_authority ... ok
test tests::permissionless_intent_cannot_be_preclaimed_but_executes_atomically ... ok
test tests::execute_manifest_cannot_rewrite_route_or_economic_constraints ... ok
test tests::execute_manifest_resolves_bounded_and_const_generic_wire_shapes ... ok
test __hopper_manifest_export::__hopper_print_manifest ... ok
test tests::route_flag_tail_must_be_canonical ... ok
test tests::route_commitment_host_helper_matches_boundary_golden_vectors ... ok
test tests::route_lamport_floors_preserve_excess_sol_and_native_backing ... ok
test tests::route_commitment_preserves_duplicates_and_order ... ok
test tests::source_authority_surface_rejects_delegate_and_close_authority ... ok
test tests::config_initialization_rejects_unrecoverable_authority_inputs ... ok
test tests::token_shapes_reject_oversized_spl_and_multisig_collisions ... ok
test tests::mint_policy_preimage_commits_supply_bytes ... ok
test tests::shard_fits_single_instruction_initialization_limit ... ok
test tests::grillo_resolves_real_cicada_manifest_to_the_selected_cell ... ok

test result: ok. 27 passed; 0 failed; 0 ignored; 0 measured; 0 filtered out; finished in 0.00s

     Running tests\lifecycle_sbf_e2e.rs (target/borrowed-slices-host-check\debug\deps\lifecycle_sbf_e2e-09710ca0ccd6c962.exe)

running 23 tests
test compiled_initialize_refuses_finalized_program_without_authority ... ok
test compiled_initialize_refuses_non_upgrade_authority_first_caller ... ok
test compiled_writable_or_conflicting_duplicate_route_meta_is_rejected ... ok
test compiled_hostile_route_cannot_delegate_cicada_state ... ok
test compiled_tampered_stored_bump_byte_refuses_the_bind ... ok
test compiled_exact_route_accepts_host_generated_commitment ... ok
test compiled_hostile_route_policy_mutation_is_rolled_back ... ok
test compiled_canonical_spl_cancel_refund_and_reclaim_round_trip ... ok
test compiled_hostile_route_lamport_debit_is_rolled_back ... ok
test compiled_writable_output_mint_is_rejected_before_route_cpi ... ok
test compiled_hostile_route_cannot_spoof_output_without_spending_input ... ok
test compiled_native_lamport_shortfall_is_rolled_back ... ok
test compiled_canonical_route_owner_authorized_policy_mutation_rolls_back ... ok
test compiled_canonical_token_2022_custody_cancel_and_reclaim_round_trip ... ok
test compiled_full_lifecycle_initializes_creates_claims_executes_and_reclaims ... ok
test compiled_claim_release_cancel_and_reclaim_lifecycle ... ok
test compiled_canonical_route_executes_two_real_token_legs_refunds_and_reclaims ... ok
test compiled_canonical_token_2022_route_executes_refunds_and_reclaims ... ok
test compiled_canonical_route_underpayment_and_zero_input_roll_back ... ok
test compiled_noncanonical_token_account_shapes_are_rejected ... ok
test compiled_cancelled_dust_cannot_block_reclaim_for_canonical_tokens ... ok
test compiled_native_lamport_floors_accept_canonical_spl_and_token_2022_routes ... ok
test compiled_settled_dust_cannot_block_reclaim_for_canonical_tokens ... ok

test result: ok. 23 passed; 0 failed; 0 ignored; 0 measured; 0 filtered out; finished in 0.07s

     Running unittests src\lib.rs (target/borrowed-slices-host-check\debug\deps\hopper_cicada_canonical_route_fixture-c7ce09d53f825f54.exe)

running 0 tests

test result: ok. 0 passed; 0 failed; 0 ignored; 0 measured; 0 filtered out; finished in 0.00s

     Running tests\canonical_spl_sbf.rs (target/borrowed-slices-host-check\debug\deps\canonical_spl_sbf-6a14aa6e996ea823.exe)

running 3 tests
test compiled_route_executes_both_legs_through_canonical_spl_token ... ok
test compiled_hostile_policy_change_is_canonical_and_owner_authorized ... ok
test compiled_supply_neutral_mint_and_burn_use_canonical_authority ... ok

test result: ok. 3 passed; 0 failed; 0 ignored; 0 measured; 0 filtered out; finished in 0.01s

     Running unittests src\main.rs (target/borrowed-slices-host-check\debug\deps\hopper_cicada_fuzz_adapter-09fa2b57f88b7bba.exe)

running 3 tests
test tests::every_emitted_write_escape_is_outside_the_live_union ... ok
test tests::committed_plan_runs_without_skips_or_blanket_acceptance ... ok
test tests::modified_unknown_and_duplicate_cases_fail_closed ... ok

test result: ok. 3 passed; 0 failed; 0 ignored; 0 measured; 0 filtered out; finished in 0.02s

     Running unittests src\lib.rs (target/borrowed-slices-host-check\debug\deps\hopper_cicada_route_fixture-bf853e4dba87970f.exe)

running 0 tests

test result: ok. 0 passed; 0 failed; 0 ignored; 0 measured; 0 filtered out; finished in 0.00s

     Running unittests src\main.rs (target/borrowed-slices-host-check\debug\deps\hopper-93c27f67e9d99693.exe)

running 266 tests
test cmd::add::tests::brace_matcher_handles_nested_blocks ... ok
test bench::tests::bounded_delta_uses_begin_end_markers ... ok
test bench::tests::bounded_delta_ignores_program_data_lines ... ok
test cmd::add::tests::brace_matcher_skips_braces_in_strings ... ok
test cmd::add::tests::instruction_template_uses_framework_first_surface ... ok
test cmd::add::tests::snake_to_pascal_roundtrip ... ok
test cmd::add::tests::validate_ident_rejects_garbage ... ok
test cmd::audit_check::tests::dates_are_validated_and_age_expires ... ok
test cmd::buffers::tests::build_close_all_is_program_close_buffers ... ok
test cmd::audit_check::tests::evidence_paths_cannot_escape_root ... ok
test cmd::add::tests::state_disc_increment_picks_next_unused ... ok
test cmd::banner::tests::ease_out_back_hits_one_at_end ... ok
test cmd::banner::tests::ease_out_back_overshoots ... ok
test cmd::buffers::tests::build_list_command_is_program_show_buffers ... ok
test cmd::buffers::tests::build_close_one_is_program_close_buffer ... ok
test cmd::buffers::tests::parse_close_all_via_flag ... ok
test cmd::audit_check::tests::missing_required_checks_and_ambiguous_ids_fail_closed ... ok
test cmd::buffers::tests::parse_close_buffer_flag ... ok
test cmd::buffers::tests::parse_close_leading_positional_buffer_keeps_cluster_flags ... ok
test cmd::buffers::tests::parse_close_rejects_no_target ... ok
test cmd::buffers::tests::parse_close_rejects_two_buffers ... ok
test cmd::buffers::tests::parse_close_rejects_two_targets ... ok
test cmd::cluster::tests::custom_rpc_urls_cannot_bypass_the_destructive_confirmation_guard ... ok
test cmd::audit_check::tests::only_reproducible_passed_current_gates_count ... ok
test cmd::buffers::tests::parse_close_all_via_buffers_alias ... ok
test cmd::cluster::tests::redacts_rpc_url_query_and_userinfo ... ok
test cmd::contention::tests::a_ceiling_below_the_declared_cost_counts_the_offender ... ok
test cmd::contention::tests::a_ceiling_that_fits_reports_no_failures ... ok
test cmd::contention::tests::an_empty_manifest_has_no_offenders_to_report ... ok
test cmd::contention::tests::an_incomplete_write_set_pays_for_every_declared_lock ... ok
test cmd::contention::tests::no_ceiling_never_fails ... ok
test cmd::contention::tests::provably_read_only_counts_non_signers_the_write_set_clears ... ok
test cmd::contention::tests::remaining_accounts_ceiling_is_reported_but_not_gated ... ok
test cmd::emit_manifest::tests::manifest_json_is_read_back_between_the_markers ... ok
test cmd::contention::tests::the_profile_matches_the_reported_arithmetic ... ok
test cmd::feature_gate::tests::arguments_cannot_silently_drop_requirements ... ok
test cmd::feature_gate::tests::named_cluster_cannot_report_another_networks_activation ... ok
test cmd::feature_gate::tests::malformed_or_unowned_records_never_prove_activation ... ok
test cmd::feature_gate::tests::snapshot_requires_complete_context_and_exact_account_count ... ok
test cmd::fuzz::tests::write_escape_probes_are_outside_the_union_and_unique ... ok
test bench::tests::baseline_file_parsing_reads_budget_entries ... ok
test cmd::keys::tests::replace_declare_id_handles_bare_form ... ok
test cmd::keys::tests::replace_declare_id_handles_qualified_form ... ok
test cmd::keys::tests::replace_declare_id_only_touches_first_macro ... ok
test cmd::lifecycle::frame_overflow_tests::picks_out_the_builder_lines ... ok
test cmd::lifecycle::tests::close_target_requires_exactly_one_target ... ok
test cmd::keys::tests::replace_declare_id_returns_unchanged_when_absent ... ok
test cmd::lifecycle::tests::crate_name_normalization_is_stable ... ok
test cmd::lifecycle::tests::crates_io_dependency_tracks_cli_release_version ... ok
test cmd::lifecycle::tests::deploy_cost_quote_rejects_total_rent_overflow ... ok
test cmd::lifecycle::tests::deploy_cost_sizes_match_loader_v3_state_layouts ... ok
test cmd::lifecycle::tests::deploy_cost_quote_keeps_recycled_buffer_out_of_permanent_total ... ok
test cmd::lifecycle::tests::deploy_max_len_defaults_to_artifact_and_accepts_both_flag_forms ... ok
test cmd::lifecycle::tests::deploy_quote_honors_supported_commitment_levels ... ok
test cmd::lifecycle::tests::dump_args_capture_source_interleave_short_and_long ... ok
test cmd::lifecycle::tests::lifecycle_sbf_builds_are_lockfile_pinned ... ok
test cmd::lifecycle::tests::local_path_dependency_is_rendered ... ok
test cmd::lint::tests::detects_program_entrypoints_and_allocator_markers ... ok
test cmd::lifecycle::tests::minimal_template_uses_framework_first_surface ... ok
test cmd::lint::tests::complete_master_edition_constraints_are_valid ... ok
test cmd::lifecycle::tests::package_name_normalization_prefers_cli_hint ... ok
test cmd::fuzz::tests::hostile_cases_carry_generated_invariant_hooks ... ok
test cmd::audit_check::tests::tampering_and_open_blockers_fail_closed ... ok
test cmd::fuzz::tests::adapter_protocol_is_strict_and_round_trips ... ok
test cmd::profile::growth_gate_tests::gate_trips_only_when_both_thresholds_are_exceeded ... ok
test cmd::lint::tests::partial_metadata_constraints_are_errors ... ok
test cmd::lifecycle::tests::quasar_port_template_uses_pretty_dynamic_account_surface ... ok
test cmd::fuzz::tests::runner_fails_closed_on_missing_duplicate_or_skipped_results ... ok
test cmd::profile::growth_gate_tests::growth_flags_fill_the_missing_half_with_defaults_and_need_a_baseline ... ok
test cmd::fuzz::tests::plan_covers_every_contract_dimension ... ok
test cmd::clean::tests::deploy_clean_preserves_keypair_files ... ok
test cmd::fuzz::tests::json_loaded_context_contract_generates_constraint_and_effect_cases ... ok
test cmd::lint::tests::metadata_scrape_tracks_keys_and_marks_writable ... ok
test cmd::profile::tests::elf_args_default_leaves_inlines_off ... ok
test cmd::profile::tests::elf_args_parse_inlines_alongside_other_flags ... ok
test cmd::profile::tests::folded_stacks_render_semicolon_separated_frames ... ok
test cmd::profile::tests::html_escape_handles_lt_gt_amp ... ok
test cmd::audit_check::tests::tracked_future_protocol_work_warns_without_blocking_release ... ok
test cmd::profile::tests::json_escape_handles_quotes_and_backslashes ... ok
test cmd::profile::tests::json_escape_preserves_normal_names ... ok
test cmd::fuzz::tests::runner_selects_exact_cases_and_adds_custom_invariants ... ok
test cmd::profile::tests::html_flamegraph_embeds_data_inline ... ok
test cmd::profile::tests::sbf_instruction_estimate_rounds_up_to_eight_byte_slots ... ok
test cmd::fuzz::tests::runner_accepts_only_complete_invariant_checked_results ... ok
test cmd::profile::tests::static_cu_heuristic_weights_expensive_symbol_families ... ok
test cmd::profile_dwarf::tests::attribution_falls_back_to_symbols_then_unattributed ... ok
test cmd::profile_dwarf::tests::empty_index_resolves_nothing ... ok
test cmd::fuzz::tests::migration_policy_and_backward_readability_bind_plan_and_seeds ... ok
test cmd::audit_check::tests::complete_current_evidence_is_ready ... ok
test cmd::profile_dwarf::tests::dwarf_walk_resolves_nested_inline_stacks_deepest_wins ... ok
test cmd::profile_dwarf::tests::fold_stack_keys_sanitize_frame_separators ... ok
test cmd::profile_dwarf::tests::attribution_charges_boundary_straddling_lddw_to_its_start_frame ... ok
test cmd::profile_dwarf::tests::dwarf_walk_demangles_linkage_names_via_origin_and_spec_chains ... ok
test cmd::profile_dwarf::tests::instruction_walk_clamps_truncated_trailers ... ok
test cmd::profile_dwarf::tests::attribution_splits_bytes_by_deepest_frame ... ok
test cmd::profile_dwarf::tests::lddw_counts_as_one_sixteen_byte_instruction ... ok
test cmd::profile_dwarf::tests::dwarf_walk_range_edges_are_half_open ... ok
test cmd::profile_dwarf::tests::inline_table_ranks_and_marks_self_rows ... ok
test cmd::fuzz::tests::migrations_come_only_from_declared_compatibility_pairs ... ok
test cmd::profile_dwarf::tests::missing_dwarf_note_names_the_fix ... ok
test cmd::fuzz::tests::commitment_and_seeds_bind_values_not_only_case_counts ... ok
test cmd::profile_dwarf::tests::load_inline_index_reports_missing_dwarf_for_dwarfless_elf ... ok
test cmd::profile_dwarf::tests::no_inline_ranges_note_names_the_fix ... ok
test cmd::publish_idl::tests::bpf_loader_id_round_trips ... ok
test cmd::publish_idl::tests::allocate_data_is_disc_and_seed ... ok
test cmd::publish_idl::tests::canonical_and_non_canonical_differ ... ok
test cmd::publish_idl::tests::chunking_boundaries_are_contiguous_and_cover_payload ... ok
test cmd::publish_idl::tests::canonical_pda_is_deterministic ... ok
test cmd::fuzz::tests::plan_is_deterministic_and_ids_are_unique ... ok
test cmd::publish_idl::tests::canonical_idl_reads_payload_tags ... ok
test cmd::publish_idl::tests::chunks_reassemble_to_original_payload ... ok
test cmd::publish_idl::tests::different_seed_padding_changes_pda ... ok
test cmd::publish_idl::tests::environment_rpc_cannot_silently_bypass_guard ... ok
test cmd::publish_idl::tests::every_raw_rpc_url_is_treated_as_potentially_mainnet ... ok
test cmd::publish_idl::tests::header_encodes_authority_some ... ok
test cmd::add::tests::run_error_creates_then_appends ... ok
test cmd::publish_idl::tests::header_encodes_byte_for_byte_fixture ... ok
test cmd::publish_idl::tests::expected_account_image_is_header_then_payload ... ok
test cmd::publish_idl::tests::header_len_is_96 ... ok
test cmd::publish_idl::tests::dry_run_output_contains_pda_and_header ... ok
test cmd::publish_idl::tests::initialize_from_buffer_data_omits_payload ... ok
test cmd::publish_idl::tests::initialize_inline_data_is_disc_seed_tags_payload ... ok
test cmd::publish_idl::tests::dry_run_vs_send_parity_inline ... ok
test cmd::add::tests::instruction_injects_into_hopper_program_block ... ok
test cmd::publish_idl::tests::metadata_program_id_decodes_to_32_bytes ... ok
test cmd::profile::tests::baseline_folded_skips_comments_and_blanks ... ok
test cmd::publish_idl::tests::named_clusters_have_conservative_confirmation_classes ... ok
test cmd::publish_idl::tests::dry_run_vs_send_parity_buffered ... ok
test cmd::publish_idl::tests::publish_target_defaults_to_named_devnet ... ok
test cmd::publish_idl::tests::prepared_payload_reports_utf8_zlib_json ... ok
test cmd::publish_idl::tests::publish_target_rejects_ambiguous_or_invalid_overrides ... ok
test cmd::publish_idl::tests::publish_target_display_redacts_credentials_and_query ... ok
test cmd::publish_idl::tests::seed_padding_is_right_padded_and_16_bytes ... ok
test cmd::publish_idl::tests::program_data_pda_is_deterministic_and_off_curve ... ok
test cmd::clean::tests::deploy_clean_recurses_into_subdirs ... ok
test cmd::publish_idl::tests::seed_padding_truncates_overlong_input ... ok
test cmd::publish_idl::tests::set_data_inline_is_disc_tags_payload ... ok
test cmd::publish_idl::tests::zlib_round_trips ... ok
test cmd::publish_idl::tests::write_data_encodes_offset_le_then_chunk ... ok
test cmd::publish_manifest::tests::manifest_seed_fits_the_sixteen_byte_field ... ok
test cmd::add::tests::run_state_appends_with_next_disc ... ok
test cmd::publish_security::tests::complete_document_minifies_and_sorts_keys ... ok
test cmd::publish_security::tests::empty_required_values_count_as_missing ... ok
test cmd::audit_check::tests::preparation_in_progress_is_honest_but_not_an_independent_review ... ok
test cmd::publish_manifest::tests::dry_run_describes_a_buffered_plan_for_a_real_manifest ... ok
test cmd::publish_security::tests::expiry_shape_is_a_warning_not_a_refusal ... ok
test cmd::publish_security::tests::program_id_must_be_32_bytes ... ok
test cmd::publish_security::tests::record_args_parse_modes_and_defaults ... ok
test cmd::publish_security::tests::dry_run_names_the_security_record ... ok
test cmd::publish_security::tests::template_lists_every_known_key_and_is_refused_until_filled ... ok
test cmd::publish_security::tests::unknown_keys_are_refused_unless_allowed ... ok
test cmd::publish_security::tests::values_must_be_strings_or_string_arrays ... ok
test cmd::add::tests::instruction_detects_manual_dispatch ... ok
test cmd::solana_check::tests::sbf_macro_state_requires_path_qualified_calls ... ok
test cmd::publish_idl::tests::zlib_round_trips_large_repetitive_payload ... ok
test cmd::test_gen::tests::all_declared_writes_are_contained ... ok
test cmd::solana_check::tests::backend_selection_ignores_hopper_dependency_defaults ... ok
test cmd::solana_check::tests::backend_selection_detects_explicit_removed_aliases_only ... ok
test cmd::solana_check::tests::backend_selection_detects_direct_hopper_lang_dependency ... ok
test cmd::solana_check::tests::backend_selection_detects_default_feature_aliases ... ok
test cmd::test_gen::tests::emitted_oracle_uses_bound_parametric_selectors ... ok
test cmd::test_gen::tests::emitted_source_documents_when_no_strict_writes_instructions ... ok
test cmd::test_gen::tests::emitted_source_is_gated_on_touch_map_feature ... ok
test cmd::test_gen::tests::empty_policy_strict_writes_ix_documents_read_only_contract ... ok
test cmd::test_gen::tests::emitted_source_has_containment_assertions_for_strict_writes_ix ... ok
test cmd::test_gen::tests::invocation_selected_cell_is_contained_but_its_neighbor_is_not ... ok
test cmd::test_gen::tests::missing_policy_is_surfaced_not_treated_as_pass ... ok
test cmd::test_gen::tests::overflow_is_inconclusive_even_when_a_violation_is_present ... ok
test cmd::solana_check::tests::entrypoint_discovery_resolves_paths_and_ignores_quoted_code ... ok
test cmd::test_gen::tests::read_touches_are_never_policy_violations ... ok
test cmd::test_gen::tests::strict_writes_flag_gates_generation ... ok
test cmd::test_gen::tests::write_outside_declared_ranges_is_caught_as_violation ... ok
test cmd::test_gen::tests::write_spanning_a_gap_between_declarations_is_a_violation ... ok
test cmd::test_gen::tests::write_straddling_two_adjacent_ranges_is_covered_by_their_union ... ok
test cmd::test_gen::tests::wrong_account_write_is_a_violation ... ok
test cmd::transaction_limits::tests::legacy_limit_is_inclusive ... ok
test cmd::transaction_limits::tests::oversize_error_points_at_the_v1_envelope ... ok
test cmd::transaction_limits::tests::v1_limit_is_inclusive_and_named ... ok
test cmd::tx_explain::cpi_event_tests::foreign_target_marker_is_labeled_not_authenticated ... ok
test cmd::tx_explain::cpi_event_tests::extracts_and_authenticates_a_self_cpi_event ... ok
test cmd::tx_explain::cpi_event_tests::manifest_payload_mismatch_is_reported_not_padded ... ok
test cmd::tx_explain::cpi_event_tests::scalar_renderer_handles_wire_ints_and_falls_back_to_hex ... ok
test cmd::tx_explain::cpi_event_tests::non_marker_and_short_inner_data_are_ignored ... ok
test cmd::tx_explain::cpi_event_tests::unknown_tag_falls_back_to_hex ... ok
test cmd::profile::tests::baseline_folded_parses_names_with_spaces ... ok
test cmd::tx_explain::touch_map_tests::cpi_emitted_map_is_tagged_with_the_callee ... ok
test cmd::tx_explain::touch_map_tests::cpi_emitted_map_renders_raw_with_honest_note ... ok
test cmd::tx_explain::touch_map_tests::cpi_tree_attaches_touch_maps_to_the_exact_emitting_frame ... ok
test cmd::tx_explain::touch_map_tests::cpi_tree_captures_the_failure_reason_on_the_refused_frame ... ok
test cmd::tx_explain::touch_map_tests::cpi_tree_frame_state_cannot_be_spoofed_by_program_logs ... ok
test cmd::tx_explain::touch_map_tests::cpi_tree_reconstructs_a_nested_chain_with_per_frame_cu ... ok
test cmd::tx_explain::touch_map_tests::cpi_tree_unwinds_a_truncated_stream_as_unterminated ... ok
test cmd::tx_explain::touch_map_tests::decodes_a_synthetic_touch_map ... ok
test cmd::tx_explain::touch_map_tests::extracts_touch_maps_from_a_synthetic_log_stream ... ok
test cmd::tx_explain::touch_map_tests::rejects_wrong_magic_version_and_length ... ok
test cmd::tx_explain::touch_map_tests::renders_field_level_effects_from_the_manifest ... ok
test cmd::tx_explain::touch_map_tests::renders_honest_trailers_for_partial_maps ... ok
test cmd::tx_explain::touch_map_tests::spoofed_invoke_lines_do_not_shift_attribution ... ok
test cmd::tx_explain::touch_map_tests::structural_line_parser_ignores_program_emitted_text ... ok
test cmd::tx_send::tests::a_heap_frame_is_checked_and_carried_by_either_envelope ... ok
test cmd::tx_send::tests::account_spec_parses_flags_and_payer_placeholder ... ok
test cmd::tx_send::tests::envelope_flags_fold_and_v1_only_options_are_refused_on_legacy ... ok
test cmd::tx_send::tests::hex_data_parses_with_and_without_prefix ... ok
test cmd::tx_send::tests::v1_config_always_sets_both_limits ... ok
test cmd::tx_send::tests::uncovered_signers_reports_exactly_the_missing_ones ... ok
test cmd::verify::tests::accepts_an_explicitly_stateless_manifest ... ok
test cmd::verify::tests::authority_gate_flags_parse_without_consuming_positionals ... ok
test cmd::fuzz::tests::json_loaded_pda_typed_lifecycle_and_migration_drift_change_seeds ... ok
test cmd::verify::tests::elf_magic_detected ... ok
test cmd::verify::tests::empty_needle_returns_none ... ok
test cmd::tx_send::tests::v1_envelope_signs_and_measures_the_simd_0385_layout ... ok
test cmd::verify::tests::errors_on_manifest_with_no_layouts ... ok
test cmd::verify::tests::extracts_camel_case_hex_layout_id ... ok
test cmd::verify::tests::extracts_layout_with_id_from_sample_manifest ... ok
test cmd::verify::tests::extracts_multiple_layouts ... ok
test cmd::verify::tests::extracts_snake_case_hex_layout_id ... ok
test cmd::verify::tests::finds_byte_sequence_in_haystack ... ok
test cmd::verify::tests::loader_state_parsers_follow_the_upgradeable_loader_layout ... ok
test cmd::verify::tests::missing_sequence_returns_none ... ok
test cmd::verify::tests::non_elf_rejected ... ok
test cmd::verify::tests::raw_layout_bytes_cannot_satisfy_the_release_binding ... ok
test cmd::verify::tests::rejects_malformed_hex ... ok
test cmd::verify::tests::rejects_wrong_length_hex ... ok
test cmd::verify::tests::release_binding_accepts_the_exact_versioned_commitment ... ok
test cmd::verify::tests::release_binding_rejects_a_stale_commitment ... ok
test cmd::verify::tests::release_binding_rejects_an_unsupported_record_version ... ok
test cmd::verify::tests::release_binding_rejects_stale_and_current_records_in_one_binary ... ok
test cmd::verify::tests::effect_gate_reports_empty_corpus_as_a_failure ... ok
test cmd::verify::tests::release_option_requires_binary_without_enabling_legacy_anchor_strictness ... ok
test cmd::watch::tests::extracts_both_forms_in_one_call ... ok
test cmd::watch::tests::extracts_long_form ... ok
test cmd::watch::tests::extracts_short_form ... ok
test cmd::watch::tests::returns_false_when_absent ... ok
test config::tests::global_config_defaults_are_sane ... ok
test config::tests::missing_sections_default ... ok
test config::tests::hopper_toml_round_trips ... ok
test loader_write_set_tests::legacy_layout_without_dynamic_tail_flag_defaults_to_fixed ... ok
test loader_write_set_tests::golden_counter_manifest_loads_without_write_set ... ok
test loader_write_set_tests::loader_carries_context_write_set_verbatim ... ok
test loader_write_set_tests::emitted_manifest_round_trips_rich_context_and_upgrade_contract ... ok
test loader_write_set_tests::loader_carries_instruction_write_set_verbatim ... ok
test loader_write_set_tests::old_manifest_loads_with_documented_defaults ... ok
test loader_write_set_tests::parser_key_matcher_skips_string_values_that_equal_a_key ... ok
test loader_write_set_tests::release_manifest_rejects_unknown_account_lifecycle ... ok
test loader_write_set_tests::release_manifest_rejects_unknown_argument_encoding ... ok
test loader_write_set_tests::release_manifest_rejects_unknown_layout_and_event_field_intents ... ok
test rpc::tests::decode_manifest_bad_magic ... ok
test loader_write_set_tests::single_layout_parser_carries_dynamic_tail_aliases ... ok
test loader_write_set_tests::release_manifest_typed_values_and_event_intents_round_trip ... ok
test rpc::tests::decode_manifest_too_short ... ok
test rpc::tests::encode_decode_manifest_roundtrip ... ok
test rpc::tests::encode_decode_manifest_compressed ... ok
test rpc::tests::is_value_null_detection ... ok
test cmd::verify::tests::effect_gate_collects_uppercase_json_bundles ... ok
test rpc::tests::pubkey_roundtrip ... ok
test rpc::tests::pda_derivation_deterministic ... ok
test style::tests::forced_off_strips_ansi ... ok
test rpc::tests::pda_seed_domain_matches_runtime_even_for_hash_equivalent_inputs ... ok
test style::tests::human_size_chooses_units ... ok
test cmd::verify::tests::effect_gate_passes_an_honest_corpus ... ok
test cmd::verify::tests::effect_gate_fails_on_an_out_of_range_write ... ok
test cmd::solana_check::tests::all_mode_surfaces_malformed_source_as_a_failure ... ok
test cmd::solana_check::tests::all_mode_collects_only_program_candidates ... ok
test cmd::lint::tests::escape_scan_stays_silent_on_mediated_code ... ok
test cmd::lint::tests::escape_scan_flags_every_bypass_and_skips_comments ... ok
test cmd::audit_check::tests::receipt_binds_command_date_result_log_and_complete_source_inventory ... ok

test result: ok. 266 passed; 0 failed; 0 ignored; 0 measured; 0 filtered out; finished in 0.20s

     Running tests\fuzz_adapter_process_e2e.rs (target/borrowed-slices-host-check\debug\deps\fuzz_adapter_process_e2e-8b6cbbeff94838b4.exe)

running 1 test
test fuzz_run_crosses_a_real_process_boundary_and_fails_closed ... ok

test result: ok. 1 passed; 0 failed; 0 ignored; 0 measured; 0 filtered out; finished in 0.98s

     Running unittests src\lib.rs (target/borrowed-slices-host-check\debug\deps\hopper_compact_vault-0f9e0c1df1a8484e.exe)

running 8 tests
test tests::compact_vault_is_one_byte_header_plus_body ... ok
test tests::__hopper_print_manifest ... ok
test tests::checked_in_manifest_matches_the_raw_dispatch_abi ... ok
test tests::governed_redeploy_against_onchain_registry ... ok
test tests::one_descriptor_feeds_loader_registry_and_offsets ... ok
test tests::one_state_drives_loader_fingerprint_datasize_and_idl ... ok
test tests::registry_roundtrip_and_hash_verify ... ok
test tests::generated_metadata_carries_compact_fingerprint ... ok

test result: ok. 8 passed; 0 failed; 0 ignored; 0 measured; 0 filtered out; finished in 0.00s

     Running tests\devnet.rs (target/borrowed-slices-host-check\debug\deps\devnet-b48b55ff8e412328.exe)

running 3 tests
test compact_vault_finalized_devnet_evidence ... ok
test devnet_genesis_pin_is_complete ... ok
test evidence_helpers_redact_urls_and_escape_json ... ok

test result: ok. 3 passed; 0 failed; 0 ignored; 0 measured; 0 filtered out; finished in 0.00s

     Running unittests src\lib.rs (target/borrowed-slices-host-check\debug\deps\hopper_confidential_lab-aefb38ffa3e49a5d.exe)

running 0 tests

test result: ok. 0 passed; 0 failed; 0 ignored; 0 measured; 0 filtered out; finished in 0.00s

     Running tests\flow.rs (target/borrowed-slices-host-check\debug\deps\flow-a0469c42741f730b.exe)

running 2 tests
test a_transfer_on_a_fee_mint_carries_five_proofs ... ok
test the_confidential_flow_runs_through_hoppers_builders ... ok

test result: ok. 2 passed; 0 failed; 0 ignored; 0 measured; 0 filtered out; finished in 8.52s

     Running unittests src\main.rs (target/borrowed-slices-host-check\debug\deps\hopper_confidential_lab_runner-d4ecddc326cc5633.exe)

running 0 tests

test result: ok. 0 passed; 0 failed; 0 ignored; 0 measured; 0 filtered out; finished in 0.00s

     Running unittests src\lib.rs (target/borrowed-slices-host-check\debug\deps\hopper_counter-65bd8dd47c8d77c2.exe)

running 1 test
test __hopper_manifest_export::__hopper_print_manifest ... ok

test result: ok. 1 passed; 0 failed; 0 ignored; 0 measured; 0 filtered out; finished in 0.00s

     Running unittests src\lib.rs (target/borrowed-slices-host-check\debug\deps\hopper_derive-55c6fe39427cb488.exe)

running 159 tests
test context::instruction_arg_tests::empty_on_struct_without_instruction_attr ... ok
test context::instruction_arg_tests::empty_lamport_declarations_survive_both_helper_attribute_forms ... ok
test args::args_tests::cu_hint_is_recorded_on_the_impl ... ok
test args::args_tests::fields_use_trait_validation ... ok
test context::instruction_arg_tests::event_cpi_rejects_reserved_field_names ... ok
test args::args_tests::plain_args_emit_parse_checked_and_validate_tags ... ok
test args::args_tests::invalid_options_report_an_error ... ok
test args::args_tests::tail_flag_emits_parse_with_tail ... ok
test context::composite_v2_tests::lamports_naming_a_composite_field_is_rejected ... ok
test context::instruction_arg_tests::a_literal_seed_longer_than_32_bytes_is_refused ... ok
test context::instruction_arg_tests::lamports_without_strict_writes_is_rejected ... ok
test context::instruction_arg_tests::lamports_naming_an_unknown_field_is_rejected ... ok
test context::instruction_arg_tests::nested_option_option_is_rejected ... ok
test context::instruction_arg_tests::more_seeds_than_fit_next_to_the_bump_are_refused ... ok
test context::instruction_arg_tests::optional_init_account_wrapper_is_rejected ... ok
test context::instruction_arg_tests::emit_touch_map_opt_in_advertises_the_const_and_no_drop ... ok
test context::instruction_arg_tests::emit_touch_map_composes_with_strict_writes ... ok
test context::instruction_arg_tests::derive_does_not_reemit_struct_definition ... ok
test context::instruction_arg_tests::attr_does_reemit_struct_definition ... ok
test context::instruction_arg_tests::event_cpi_keeps_the_wrapper_accounts_facade ... ok
test context::instruction_arg_tests::external_account_wrapper_validates_without_hopper_layout ... ok
test context::instruction_arg_tests::optional_plain_layout_field_is_rejected ... ok
test context::instruction_arg_tests::parses_single_primitive_arg ... ok
test context::instruction_arg_tests::parses_multiple_args_including_array ... ok
test context::instruction_arg_tests::optional_segment_lists_are_rejected ... ok
test context::instruction_arg_tests::optional_lifecycle_targets_are_rejected ... ok
test context::instruction_arg_tests::init_if_needed_allows_empty_but_validates_nonempty_layout_before_binding ... ok
test context::instruction_arg_tests::epoch_migrate_declares_the_range_its_bind_crank_rewrites ... ok
test context::instruction_arg_tests::init_lifecycle_passes_explicit_space_to_hopper_init ... ok
test context::instruction_arg_tests::bare_strict_writes_installs_a_data_only_ambient_gate ... ok
test context::instruction_arg_tests::constraints_without_at_keep_generic_errors_unchanged ... ok
test context::instruction_arg_tests::event_cpi_composes_with_strict_writes ... ok
test context::instruction_arg_tests::rejects_multiple_instruction_attributes ... ok
test context::instruction_arg_tests::rejects_duplicate_arg_names ... ok
test context::instruction_arg_tests::rejects_positional_form ... ok
test context::instruction_arg_tests::event_cpi_appends_validates_and_exposes_the_two_trailing_accounts ... ok
test context::instruction_arg_tests::no_emit_touch_map_opt_in_defaults_const_false_and_no_drop ... ok
test context::composite_v2_tests::composite_event_cpi_places_synthetic_slots_at_const_expr_trailing_indices ... ok
test context::composite_v2_tests::composite_free_context_publishes_declared_ranges_without_strict_writes ... ok
test context::instruction_arg_tests::field_auto_lifecycle_keeps_other_fields_explicit ... ok
test context::instruction_arg_tests::init_with_supplied_bump_is_proven_by_the_creation_cpi ... ok
test context::instruction_arg_tests::absent_optional_skips_every_check_present_runs_all_inside_the_gate ... ok
test context::instruction_arg_tests::sweep_targeting_its_own_field_is_rejected ... ok
test context::instruction_arg_tests::unknown_option_error_lists_emit_touch_map ... ok
test context::composite_v2_tests::composite_lamports_renders_flattened_const_expr_indices ... ok
test context::instruction_arg_tests::strips_attribute_in_place ... ok
test context::instruction_arg_tests::existing_full_context_expands_unchanged ... ok
test context::instruction_arg_tests::at_error_binds_custom_errors_on_constraints ... ok
test context::instruction_arg_tests::lamports_option_lowers_explicit_and_implied_permission_set ... ok
test context::composite_v2_tests::composite_strict_writes_composes_rebased_write_ranges ... ok
test context::instruction_arg_tests::no_event_cpi_opt_in_appends_nothing ... ok
test context::migrate_attr_tests::migrate_from_the_same_layout_is_rejected ... ok
test context::composite_v2_tests::composite_emit_touch_map_and_auto_lifecycle_expand ... ok
test context::instruction_arg_tests::context_auto_lifecycle_bind_calls_helpers_in_declaration_order ... ok
test context::instruction_arg_tests::optional_raw_account_view_gates_attribute_checks ... ok
test context::migrate_attr_tests::migrate_without_mut_is_rejected ... ok
test context::migrate_attr_tests::migrate_on_an_optional_field_is_rejected ... ok
test context::instruction_arg_tests::optional_mut_keeps_static_write_set_and_publishes_schema_optionality ... ok
test context::instruction_arg_tests::metaplex_helpers_imply_cpi_delegation_roles ... ok
test context::migrate_attr_tests::migrate_malformed_spellings_are_rejected_naming_the_shape ... ok
test error::reserved_code_tests::a_user_code_inside_a_framework_page_is_refused ... ok
test context::migrate_attr_tests::migrate_on_a_composite_field_is_rejected ... ok
test event::event_descriptor_tests::derived_tag_flows_into_the_descriptor ... ok
test context::migrate_attr_tests::migrate_on_a_non_layout_field_is_rejected ... ok
test pda::tests::canonical_output_matches_sdk_and_has_no_runtime_calls ... ok
test pda::tests::rejects_dynamic_inputs_invalid_ids_and_trailing_tokens ... ok
test error::reserved_code_tests::a_user_code_outside_the_pages_expands ... ok
test context::migrate_attr_tests::migrate_on_an_init_account_wrapper_is_rejected ... ok
test pda::tests::seed_boundaries_include_the_bump ... ok
test program::ctx_args_tests::arbitrary_cpi_flag_accepts_name_value_form ... ok
test context::instruction_arg_tests::realloc_colon_matches_underscore_spelling ... ok
test program::ctx_args_tests::ctx_args_coexists_with_other_flags ... ok
test program::ctx_args_tests::ctx_args_is_threaded_from_attribute ... ok
test program::ctx_args_tests::ctx_args_rejects_u8_overflow ... ok
test program::ctx_args_tests::ctx_args_rejects_non_integer_literal ... ok
test program::ctx_args_tests::ctx_args_zero_is_default_when_absent ... ok
test program::ctx_args_tests::ctx_args_exceeding_arity_errors_clearly ... ok
test event::event_descriptor_tests::event_descriptor_const_is_emitted_with_name_and_tag ... ok
test program::ctx_args_tests::ctx_args_without_typed_context_errors_clearly ... ok
test event::event_descriptor_tests::fields_carry_real_types_and_payload_relative_offsets ... ok
test context::migrate_attr_tests::migrate_lifecycle_combos_are_rejected ... ok
test event::event_descriptor_tests::tuple_struct_fields_fall_back_to_positional_names ... ok
test program::ctx_args_tests::handler_invocation_raw_ctx_never_calls_bind ... ok
test program::ctx_args_tests::handler_invocation_argless_typed_emits_ok_only_touch_map ... ok
test program::ctx_args_tests::handler_invocation_with_args_emits_ok_only_touch_map ... ok
test program::ctx_args_tests::handler_invocation_without_ctx_args_preserves_legacy_bind ... ok
test context::instruction_arg_tests::sweep_helper_lowers_through_the_lamport_funnel ... ok
test program::ctx_args_tests::ctx_args_valid_typed_context_builds ... ok
test program::ctx_args_tests::multi_byte_rejects_oversize_array ... ok
test context::instruction_arg_tests::seeded_init_writes_the_stored_bump_through_the_probe ... ok
test context::migrate_attr_tests::migrate_context_advertises_not_embeddable ... ok
test program::ctx_args_tests::handler_invocation_raw_never_emits_touch_map ... ok
test context::instruction_arg_tests::optional_wrapper_forms_bind_none_or_some_per_slot_address ... ok
test program::ctx_args_tests::multi_byte_rejects_empty_array ... ok
test program::ctx_args_tests::multi_byte_accepts_flags_after_array ... ok
test program::ctx_args_tests::multi_byte_discriminator_parses_to_byte_vec ... ok
test context::migrate_attr_tests::migrate_emits_the_bind_pre_step_before_validation ... ok
test program::ctx_args_tests::unknown_flag_lists_ctx_args_in_suggestion ... ok
test program::ctx_args_tests::handler_invocation_threads_ctx_args_to_bind_with_args ... ok
test program::ctx_args_tests::single_byte_discriminator_becomes_one_element_vec ... ok
test context::migrate_attr_tests::migrate_validate_lowers_the_either_version_header_check ... ok
test context::migrate_attr_tests::migrate_leaf_in_a_composite_container_uses_the_flattened_slot ... ok
test program::manifest_statics_tests::arg_wire_size_table_is_honest ... ok
test context::migrate_attr_tests::migrate_expands_in_both_attribute_forms ... ok
test context::instruction_arg_tests::trailing_optionals_lower_the_required_count ... ok
test program::dispatch_table_tests::small_dispatch_tiny_keeps_match_below_threshold ... ok
test state::field_attr_tests::a_malformed_check_names_the_accepted_forms ... ok
test state::field_attr_tests::both_attrs_parse_together ... ok
test state::field_attr_tests::case_variants_and_aliases_resolve ... ok
test state::field_attr_tests::empty_role_maps_to_custom ... ok
test state::field_attr_tests::check_attr_parses_the_rule_and_the_error ... ok
test state::field_attr_tests::a_rule_no_value_satisfies_is_a_compile_error ... ok
test state::field_attr_tests::invariant_attr_parses ... ok
test state::field_attr_tests::name_value_role_parses ... ok
test state::field_attr_tests::path_form_role_parses ... ok
test program::dispatch_table_tests::multi_byte_non_tiny_keeps_prefix_chain ... ok
test state::field_attr_tests::role_mapping_covers_full_vocabulary ... ok
test program::manifest_statics_tests::raw_only_program_still_exports_empty_statics ... ok
test state::field_attr_tests::unknown_role_is_rejected ... ok
test state::field_attr_tests::strip_removes_hopper_attrs_but_preserves_others ... ok
test state::fingerprint_tests::different_wire_types_still_distinguishable ... ok
test state::fingerprint_tests::arrays_normalize_whitespace_and_usize_suffix ... ok
test state::fingerprint_tests::path_spelling_drift_does_not_change_stem ... ok
test program::dispatch_table_tests::raw_only_program_emits_no_event_sink_plumbing ... ok
test state::fingerprint_tests::unit_and_tuple_roll_up_cleanly ... ok
test state::fingerprint_tests::phantom_generic_parameters_are_stripped ... ok
test program::dispatch_table_tests::table_dispatch_preserves_argument_decoding_helpers ... ok
test state::field_attr_tests::rule_bounds_come_from_the_literal_comparisons_of_a_conjunction ... ok
test context::instruction_arg_tests::seeds_within_the_limits_pass ... ok
test state::fingerprint_tests::size_bearing_generic_arguments_fold_into_the_stem ... ok
test program::dispatch_table_tests::multi_byte_typed_program_appends_the_chain_sink ... ok
test unit_enum::tests::expands_a_plain_enum_with_repr_derives_and_the_mapping ... ok
test unit_enum::tests::keeps_the_users_own_repr_and_derives ... ok
test program::dispatch_table_tests::non_contiguous_tiny_falls_back_to_match ... ok
test unit_enum::tests::refuses_data_variants_other_reprs_generics_and_arguments ... ok
test context::composite_v2_tests::inner_side_embeddability_rules_are_unchanged ... ok
test program::dispatch_table_tests::marker_colliding_discriminator_lowers_to_a_const_assert ... ok
test program::manifest_statics_tests::multi_byte_discriminator_publishes_byte_zero_as_tag ... ok
test program::dispatch_table_tests::tiny_range_not_starting_at_zero_falls_back_to_match ... ok
test context::instruction_arg_tests::mutable_slots_must_be_distinct_unless_declared ... ok
test program::manifest_statics_tests::raw_handlers_publish_no_instruction_row ... ok
test program::manifest_statics_tests::account_conversion_uses_the_module_level_len_const_copy_loop ... ok
test state::layout_manifest_tests::schema_export_delegates_to_the_single_const ... ok
test state::layout_manifest_tests::compact_layout_manifest_is_honest_to_the_compact_wire_shape ... ok
test program::dispatch_table_tests::shared_context_spec_is_consulted_once ... ok
test program::manifest_statics_tests::context_descriptors_deduplicate_shared_specs ... ok
test program::dispatch_table_tests::typed_handler_program_arms_the_event_sink_in_the_match_form ... ok
test program::dispatch_table_tests::contiguous_tiny_emits_fn_pointer_table ... ok
test program::manifest_statics_tests::typed_args_publish_real_names_types_and_table_sizes ... FAILED
test state::layout_manifest_tests::headered_layout_emits_the_layout_manifest_const ... ok
test program::manifest_statics_tests::handler_receipt_modifier_publishes_receipt_expected_true ... ok
test state::layout_manifest_tests::fields_carry_real_types_header_offsets_and_declared_intents ... ok
test program::dispatch_table_tests::table_entries_are_ordered_by_discriminator_not_declaration ... ok
test program::dispatch_table_tests::contiguous_non_tiny_profile_keeps_match ... ok
test program::manifest_statics_tests::instruction_rows_wire_spec_consts_and_never_fabricate ... ok
test program::manifest_statics_tests::typed_handlers_emit_one_instruction_row_each_in_tag_order ... ok
test program::dispatch_table_tests::tiny_profile_emits_the_count_exact_entrypoint ... ok
test pda::tests::canonical_search_matches_sdk_across_keys_and_bumps ... ok
test program::dispatch_table_tests::tiny_table_program_checks_the_marker_in_the_bounds_miss_branch ... ok

failures:

---- program::manifest_statics_tests::typed_args_publish_real_names_types_and_table_sizes stdout ----

thread 'program::manifest_statics_tests::typed_args_publish_real_names_types_and_table_sizes' (26664) panicked at crates\hopper-macros-proc\src\program.rs:3345:9:
u64 arg must carry its table size: modvault{fnswap(mutctx:SwapCtx<'_,'_>,amount:u64,memo:[u8;12],blob:&[u8],)->ProgramResult{Ok(())}#[allow(non_upper_case_globals,dead_code)]pubconstSWAP_POLICY:::hopper::__runtime::HopperInstructionPolicy=::hopper::__runtime::HopperInstructionPolicy{unsafe_memory:false,skip_token_checks:false,allow_arbitrary_cpi:false,ctx_args:0u8,};#[allow(dead_code)]pubconstHOPPER_PROGRAM_POLICY:::hopper::__runtime::HopperProgramPolicy=::hopper::__runtime::HopperProgramPolicy{strict:true,enforce_token_checks:true,allow_unsafe:true,};#[allow(dead_code)]pubconstHOPPER_PROGRAM_PROFILE:::hopper::__runtime::HopperProgramProfile=::hopper::__runtime::HopperProgramProfile::STRICT;#[doc=r"Whichmetadatatierthisprogramoptsinto(Tier2/3)."]#[doc=r#"Defaultsto`Offchain`;setwith`#[hopper::program(manifest="...")]`."#]#[allow(dead_code)]pubconstHOPPER_PROGRAM_MANIFEST_PROFILE:::hopper::manifest::ManifestProfile=::hopper::manifest::ManifestProfile::Offchain;#[doc(hidden)]#[allow(non_upper_case_globals,dead_code)]pubconst__HOPPER_IX_swap_ACCOUNTS_LEN:usize=Swap::SCHEMA_METADATA.accounts.len();#[doc=r"Manifest`AccountEntry`rowsforonetypedhandler,"]#[doc=r"convertedatconst-evalfromtheboundcontext's"]#[doc=r"`SCHEMA_METADATA.accounts`.`name`/`writable`/"]#[doc=r"`signer`/`layout_ref`/`seeds`carryoververbatim."]#[doc(hidden)]#[allow(non_upper_case_globals,dead_code)]pubconst__HOPPER_IX_swap_ACCOUNTS:[::hopper::hopper_schema::AccountEntry;__HOPPER_IX_swap_ACCOUNTS_LEN]={let__src=Swap::SCHEMA_METADATA.accounts;assert!(__src.len()==__HOPPER_IX_swap_ACCOUNTS_LEN,"instructionaccountconversionmustcoverthecontext'sfulldescriptorset");letmut__out=[::hopper::hopper_schema::AccountEntry::PROVIDED;__HOPPER_IX_swap_ACCOUNTS_LEN];letmut__i=0;while__i<__src.len(){__out[__i]=::hopper::hopper_schema::AccountEntry{name:__src[__i].name,writable:__src[__i].writable,signer:__src[__i].signer,layout_ref:__src[__i].layout_ref,seeds:__src[__i].seeds,};__i+=1;}__out};const_:()={let__context_args=Swap::CONTEXT_ARGS;let__handler_args:&[&str]=&[];assert!(__context_args.len()==__handler_args.len(),"ctx_argsmustequalthetypedcontext'sdeclaredinstruction-argumentcount",);letmut__i=0usize;while__i<__context_args.len(){assert!(::hopper::hopper_schema::const_str_eq(__context_args[__i].0,__handler_args[__i],),"handler/contextinstructionargumentsmusthaveidenticalnamesandorder",);__i+=1;}};#[doc=r"Instructionrowsfor`hopper::program_manifest!`,oneper"]#[doc=r"typedhandler,wiredfromthesamegeneratedconststhe"]#[doc=r"runtimeenforces(`SCHEMA_METADATA`,`STRICT_WRITES`,"]#[doc=r"`WRITE_RANGES`,`MUTATION_COMPLETE`,`LAMPORT_ACCOUNTS`)"]#[doc=r"plusthehandler'sown`#[receipt]`opt-in.Raw"]#[doc=r"`&mutContext<'_>`handlerspublishnorow(theirshapeis"]#[doc=r"opaque);multi-bytediscriminatorspublishbyte0aslegacy`tag`"]#[doc=r"andthecompleteprefixas`discriminator`;"]#[doc=r"`cu_estimate`stays0(neverfabricated)."]#[doc(hidden)]#[allow(dead_code)]pubstatic__HOPPER_INSTRUCTION_DESCRIPTORS:&[::hopper::hopper_schema::InstructionDescriptor]=&[::hopper::hopper_schema::InstructionDescriptor{name:"swap",tag:0u8,discriminator:&[0u8],args:&[::hopper::hopper_schema::ArgDescriptor{name:"amount",canonical_type:"u64",size:{letsize=<u64as::hopper::__macro_support::DecodeInstructionArg>::WIRE_SIZE;assert!(size<=u16::MAXasusize,"instructionargumentexceedsmanifestsizerange");sizeasu16},encoding:<u64as::hopper::__macro_support::DecodeInstructionArg>::ENCODING,},::hopper::hopper_schema::ArgDescriptor{name:"memo",canonical_type:"[u8;12]",size:{letsize=<[u8;12]as::hopper::__macro_support::DecodeInstructionArg>::WIRE_SIZE;assert!(size<=u16::MAXasusize,"instructionargumentexceedsmanifestsizerange");sizeasu16},encoding:<[u8;12]as::hopper::__macro_support::DecodeInstructionArg>::ENCODING,},::hopper::hopper_schema::ArgDescriptor{name:"blob",canonical_type:"&[u8]",size:0u16,encoding:::hopper::hopper_schema::ArgEncoding::Fixed,}],accounts:&__HOPPER_IX_swap_ACCOUNTS,remaining_accounts:::core::option::Option::None,capabilities:&[],policy_pack:"",receipt_expected:false,strict_writes:Swap::STRICT_WRITES,write_ranges:Swap::WRITE_RANGES,parametric_write_ranges:Swap::PARAMETRIC_WRITE_RANGES,mutation_complete:Swap::MUTATION_COMPLETE,lamport_accounts:Swap::LAMPORT_ACCOUNTS,cu_estimate:0,}];#[doc=r"Contextdescriptorsfor`hopper::program_manifest!`,each"]#[doc=r"distincttypedspec's`SCHEMA_METADATA`withtheboundhandler"]#[doc=r"namesfilledin,infirst-boundorder."]#[doc(hidden)]#[allow(dead_code)]pubstatic__HOPPER_CONTEXT_DESCRIPTORS:&[::hopper::hopper_schema::accounts::ContextDescriptor]=&[::hopper::hopper_schema::accounts::ContextDescriptor{instructions:&["swap"],..Swap::SCHEMA_METADATA}];#[doc=r"Whetheranytypedcontextboundbythisprogram's"]#[doc=r"handlersoptedinto`#[hopper::context(event_cpi)]`."]#[doc=r""]#[doc=r"Resolvedattype-checktimebyORingeachspec's"]#[doc=r"`EVENT_CPI`const,thenconst-folded:`true`armsthe"]#[doc=r"reserved`[0xE0,0x1E]`eventsinkinthedispatcher;"]#[doc=r"`false`collapsesthesinktotheordinary"]#[doc=r"unknown-discriminatorerror,costingnothing."]#[doc(hidden)]#[allow(dead_code)]pubconst__HOPPER_EVENT_CPI_ENABLED:bool=false||Swap::EVENT_CPI;#[doc=r"Reserved`[0xE0,0x1E]`self-CPIeventsink."]#[doc=r""]#[doc=r"Const-guarded:whennoboundcontextoptedinto"]#[doc=r"`event_cpi`thiscollapsestothesame"]#[doc=r"`InvalidInstructionData`thedispatcher'sfallthrough"]#[doc=r"armreturns(andthearmthatcallsitis"]#[doc=r"dead-code-eliminated).Whenlive,itdelegatestothe"]#[doc=r"runtime'sauthenticatedsink:fullmarkercheck,"]#[doc=r"event-authoritysignerrequirement,andtheon-chain"]#[doc=r"PDAaddresspin."]#[inline(never)]#[allow(dead_code)]pub(crate)fn__hopper_dispatch_event_sink(ctx:&mut::hopper::prelude::Context<'_>,data:&[u8],)->::core::result::Result<(),::hopper::__runtime::ProgramError>{if!__HOPPER_EVENT_CPI_ENABLED{return::core::result::Result::Err(::hopper::__runtime::ProgramError::InvalidInstructionData,);}::hopper::__runtime::cpi_event::handle_event_sink(ctx,data)}#[doc(hidden)]#[inline(never)]pub(crate)fn__hopper_dispatch_swap(ctx:&mut::hopper::prelude::Context<'_>,data:&[u8],)->::core::result::Result<(),::hopper::__runtime::ProgramError>{{letmut__hopper_decoder=::hopper::__macro_support::Decoder::new(&data[1usize..]);let__hopper_arg_0:u64=<u64as::hopper::__macro_support::DecodeInstructionArg>::decode(&mut__hopper_decoder,)?;let__hopper_arg_1:[u8;12]=<[u8;12]as::hopper::__macro_support::DecodeInstructionArg>::decode(&mut__hopper_decoder,)?;let__hopper_arg_2:&[u8]=<&[u8]as::hopper::__macro_support::DecodeInstructionArg>::decode(&mut__hopper_decoder,)?;__hopper_decoder.finish()?;swap(Swap::bind(ctx)?,__hopper_arg_0,__hopper_arg_1,__hopper_arg_2)?;ifSwap::EMIT_TOUCH_MAP{ctx.finish_with_touch_map();}::core::result::Result::Ok(())}}#[inline(always)]pubfnprocess_instruction(ctx:&mut::hopper::prelude::Context<'_>,)->::core::result::Result<(),::hopper::__runtime::ProgramError>{letdata=ctx.instruction_data();ifdata.is_empty(){return::core::result::Result::Err(::hopper::__runtime::ProgramError::InvalidInstructionData,);}matchdata[0]{0u8=>__hopper_dispatch_swap(ctx,data),0xE0u8=>__hopper_dispatch_event_sink(ctx,data),_=>::core::result::Result::Err(::hopper::__runtime::ProgramError::InvalidInstructionData,),}}}
note: run with `RUST_BACKTRACE=1` environment variable to display a backtrace


failures:
    program::manifest_statics_tests::typed_args_publish_real_names_types_and_table_sizes

test result: FAILED. 158 passed; 1 failed; 0 ignored; 0 measured; 0 filtered out; finished in 0.03s

error: test failed, to rerun pass `-p hopper-derive --lib`
     Running unittests src\lib.rs (target/borrowed-slices-host-check\debug\deps\hopper_devnet_audit-ef9df4135e66a22e.exe)

running 0 tests

test result: ok. 0 passed; 0 failed; 0 ignored; 0 measured; 0 filtered out; finished in 0.00s

     Running unittests src\lib.rs (target/borrowed-slices-host-check\debug\deps\hopper_distribute-94055254b6f5fa6f.exe)

running 0 tests

test result: ok. 0 passed; 0 failed; 0 ignored; 0 measured; 0 filtered out; finished in 0.00s

     Running tests\distribute_tests.rs (target/borrowed-slices-host-check\debug\deps\distribute_tests-6d345d2db230f0ed.exe)

running 18 tests
test distribute_tests::dust_is_distributed ... ok
test distribute_tests::extract_fee_basic ... ok
test distribute_tests::extract_fee_with_flat ... ok
test distribute_tests::even_split ... ok
test distribute_tests::prime_total_no_dust_lost ... ok
test distribute_tests::equal_remainders_use_input_order ... ok
test distribute_tests::extract_fee_rejects_excessive ... ok
test distribute_tests::rejects_length_mismatch ... ok
test distribute_tests::extract_fee_ceil_rounding ... ok
test distribute_tests::largest_fractional_remainders_receive_dust ... ok
test distribute_tests::extract_fee_zero_bps ... ok
test distribute_tests::rejects_all_zero_shares ... ok
test distribute_tests::single_recipient ... ok
test distribute_tests::weighted_split ... ok
test distribute_tests::zero_total ... ok
test distribute_tests::rejects_empty_shares ... ok
test distribute_tests::invariant_net_plus_fee_equals_amount ... ok
test distribute_tests::matches_the_sorting_reference_including_extremes ... ok

test result: ok. 18 passed; 0 failed; 0 ignored; 0 measured; 0 filtered out; finished in 0.00s

     Running unittests src\lib.rs (target/borrowed-slices-host-check\debug\deps\hopper_escrow-d7872f57cfdf179d.exe)

running 1 test
test __hopper_manifest_export::__hopper_print_manifest ... ok

test result: ok. 1 passed; 0 failed; 0 ignored; 0 measured; 0 filtered out; finished in 0.00s

     Running unittests src\lib.rs (target/borrowed-slices-host-check\debug\deps\hopper_external_oracle-e9e730f66badc169.exe)

running 0 tests

test result: ok. 0 passed; 0 failed; 0 ignored; 0 measured; 0 filtered out; finished in 0.00s

     Running unittests src\lib.rs (target/borrowed-slices-host-check\debug\deps\hopper_finance-847e31dcc3aac226.exe)

running 0 tests

test result: ok. 0 passed; 0 failed; 0 ignored; 0 measured; 0 filtered out; finished in 0.00s

     Running tests\finance_tests.rs (target/borrowed-slices-host-check\debug\deps\finance_tests-d706dc02e507eab8.exe)

running 33 tests
test test_check_max_amount ... ok
test test_check_max_input_fail ... ok
test test_check_nonzero_fail ... ok
test test_check_price_bounds_ok ... ok
test test_check_max_input_ok ... ok
test test_check_nonzero_ok ... ok
test test_check_within_bps_zero_expected ... ok
test test_cp_out_basic_no_fee ... ok
test test_cp_out_zero_input_errors ... ok
test test_check_within_bps_fail ... ok
test test_cp_in_amount_out_too_large ... ok
test test_check_price_bounds_fail ... ok
test test_cp_in_basic ... ok
test test_cp_in_rejects_invalid_fee ... ok
test test_cp_out_rejects_invalid_fee ... ok
test test_check_slippage_fail ... ok
test test_cp_out_with_fee ... ok
test test_check_slippage_ok ... ok
test test_cp_out_zero_reserves_errors ... ok
test test_initial_lp_amount ... ok
test test_isqrt_large_values ... ok
test test_isqrt_non_perfect ... ok
test test_check_within_bps_ok ... ok
test test_isqrt_perfect_squares ... ok
test test_k_invariant_decreased ... ok
test test_k_invariant_ok ... ok
test test_price_impact_large_trade ... ok
test test_price_impact_empty_pool ... ok
test test_check_min_amount ... ok
test test_proportional_lp_imbalanced ... ok
test test_isqrt_zero ... ok
test test_price_impact_small_trade ... ok
test test_proportional_lp_amount ... ok

test result: ok. 33 passed; 0 failed; 0 ignored; 0 measured; 0 filtered out; finished in 0.00s

     Running unittests src\main.rs (target/borrowed-slices-host-check\debug\deps\framework_verifier-8e4b72c64ac200ee.exe)

running 0 tests

test result: ok. 0 passed; 0 failed; 0 ignored; 0 measured; 0 filtered out; finished in 0.00s

     Running tests\ambient_gate_sbf.rs (target/borrowed-slices-host-check\debug\deps\ambient_gate_sbf-5ca8c9bd3eca411e.exe)

running 2 tests
test ambient_gate_enforces_public_surfaces_in_sbf ... ignored, requires HOPPER_GATE_SBF pointing to the compiled runtime-gate fixture
test typed_cell_probe_header ... ok

test result: ok. 1 passed; 0 failed; 1 ignored; 0 measured; 0 filtered out; finished in 0.00s

     Running tests\borrowed_args_sbf.rs (target/borrowed-slices-host-check\debug\deps\borrowed_args_sbf-476e10b9895a3693.exe)

running 2 tests
test borrowed_arguments_validate_before_writing_on_the_vm ... ignored, requires compiled borrowed-argument fixture
test generated_borrowed_dispatch_validates_before_writing_on_the_vm ... ignored, requires compiled borrowed-argument fixture

test result: ok. 0 passed; 0 failed; 2 ignored; 0 measured; 0 filtered out; finished in 0.00s

     Running tests\borrowed_slices_sbf.rs (target/borrowed-slices-host-check\debug\deps\borrowed_slices_sbf-585bad18a6cab876.exe)

running 1 test
test borrowed_batches_validate_all_elements_before_writing_on_the_vm ... ignored, requires compiled borrowed-slices fixture

test result: ok. 0 passed; 0 failed; 1 ignored; 0 measured; 0 filtered out; finished in 0.00s

     Running tests\byte_allowance_sbf.rs (target/borrowed-slices-host-check\debug\deps\byte_allowance_sbf-4fdf60395174b056.exe)

running 4 tests
test adversarial_inputs_preserve_all_account_state ... ignored, requires HOPPER_BYTE_ALLOWANCE_SBF
test initialization_refusals_preserve_all_accounts ... ignored, requires HOPPER_BYTE_ALLOWANCE_SBF
test lifecycle_changes_only_selected_cells ... ignored, requires HOPPER_BYTE_ALLOWANCE_SBF
test allowance_program::__hopper_manifest_export::__hopper_print_manifest ... ok

test result: ok. 1 passed; 0 failed; 3 ignored; 0 measured; 0 filtered out; finished in 0.00s

     Running tests\canonical_pda_sbf.rs (target/borrowed-slices-host-check\debug\deps\canonical_pda_sbf-b58f209aff770e8d.exe)

running 3 tests
test canonical_constant_matches_runtime_search_and_rejections ... ignored, requires HOPPER_CANONICAL_PDA_SBF pointing to the compiled fixture
test canonical_initialization_persists_the_validated_bump_and_rejects_reinitialization ... ignored, requires HOPPER_CANONICAL_PDA_SBF pointing to the compiled fixture
test stored_bump_binds_the_same_account_byte_without_claiming_canonicality ... ignored, requires HOPPER_CANONICAL_PDA_SBF pointing to the compiled fixture

test result: ok. 0 passed; 0 failed; 3 ignored; 0 measured; 0 filtered out; finished in 0.00s

     Running tests\checked_cpi_sbf.rs (target/borrowed-slices-host-check\debug\deps\checked_cpi_sbf-c5afb250cc451574.exe)

running 1 test
test specialized_signer_preflight_returns_before_system_or_token_cpi ... ignored, requires compiled native CPI fixture

test result: ok. 0 passed; 0 failed; 1 ignored; 0 measured; 0 filtered out; finished in 0.00s

     Running tests\function_lab_sbf.rs (target/borrowed-slices-host-check\debug\deps\function_lab_sbf-9b4d0e3d23c2c980.exe)

running 1 test
test function_lab_known_answers_on_the_vm ... ignored, requires compiled function-lab ELF and independent case JSON

test result: ok. 0 passed; 0 failed; 1 ignored; 0 measured; 0 filtered out; finished in 0.00s

     Running tests\governance_sbf.rs (target/borrowed-slices-host-check\debug\deps\governance_sbf-56debb4c924f1ced.exe)

running 7 tests
test multisig_authenticates_members_and_moves_sol ... ignored, requires compiled multisig ELF
test multisig_payout_is_bounded_single_use_and_invalidated_by_policy_changes ... ignored, requires compiled multisig ELF
test treasury_moves_sol_and_enforces_clock_budget_and_permissions ... ignored, requires compiled treasury ELF
test multisig::tests::bounded_tail_roundtrips_label_and_signers ... ok
test multisig::tests::duplicate_members_cannot_satisfy_a_threshold ... ok
test multisig::tests::multisig_data_helpers_cover_initialize_update_and_thresholds ... ok
test program_layout_headers ... ok

test result: ok. 4 passed; 0 failed; 3 ignored; 0 measured; 0 filtered out; finished in 0.00s

     Running tests\lifecycle_sbf.rs (target/borrowed-slices-host-check\debug\deps\lifecycle_sbf-3a33a590cde4dff5.exe)

running 1 test
test lifecycle_and_segment_guards_preserve_complete_account_state ... ignored, requires compiled lifecycle fixtures

test result: ok. 0 passed; 0 failed; 1 ignored; 0 measured; 0 filtered out; finished in 0.00s

     Running tests\mint_plan_sbf.rs (target/borrowed-slices-host-check\debug\deps\mint_plan_sbf-cecfcc2dda291940.exe)

running 5 tests
test all_extension_subsets_initialize_with_exact_canonical_state_and_rent ... ignored, requires compiled HOPPER_MINT_PLAN_SBF fixture
test exhausted_budget_rolls_back_successful_creation_and_extension_cpis ... ignored, requires compiled HOPPER_MINT_PLAN_SBF fixture
test extension_constraint_rejects_identical_bytes_under_a_forged_owner ... ignored, requires compiled HOPPER_MINT_PLAN_SBF fixture
test invalid_creation_and_initialization_leave_accounts_unchanged ... ignored, requires compiled HOPPER_MINT_PLAN_SBF fixture
test prefunding_and_pda_signers_charge_only_the_live_rent_shortfall ... ignored, requires compiled HOPPER_MINT_PLAN_SBF fixture

test result: ok. 0 passed; 0 failed; 5 ignored; 0 measured; 0 filtered out; finished in 0.00s

     Running tests\named_vault_sbf.rs (target/borrowed-slices-host-check\debug\deps\named_vault_sbf-700baa54a7db4fe9.exe)

running 2 tests
test initialization_and_access_refusals_preserve_all_accounts ... ignored, requires HOPPER_NAMED_VAULT_SBF
test named_initialization_and_custody_round_trip ... ignored, requires HOPPER_NAMED_VAULT_SBF

test result: ok. 0 passed; 0 failed; 2 ignored; 0 measured; 0 filtered out; finished in 0.00s

     Running tests\orderbook_sbf.rs (target/borrowed-slices-host-check\debug\deps\orderbook_sbf-313e480aface6abb.exe)

running 2 tests
test orderbook_initialization_and_lifecycle_change_only_expected_bytes ... ignored, requires HOPPER_ORDERBOOK_SBF
test orderbook_initialization_and_mutation_refusals_preserve_state ... ignored, requires HOPPER_ORDERBOOK_SBF

test result: ok. 0 passed; 0 failed; 2 ignored; 0 measured; 0 filtered out; finished in 0.00s

     Running tests\pda_boundaries_sbf.rs (target/borrowed-slices-host-check\debug\deps\pda_boundaries_sbf-01c14db5d16765aa.exe)

running 1 test
test pda_helpers_match_the_signing_seed_domain_in_sbf ... ignored, requires HOPPER_PDA_SBF pointing to the compiled pda-boundaries fixture

test result: ok. 0 passed; 0 failed; 1 ignored; 0 measured; 0 filtered out; finished in 0.00s

     Running tests\return_provenance_sbf.rs (target/borrowed-slices-host-check\debug\deps\return_provenance_sbf-ce2c16910a08ea58.exe)

running 1 test
test return_data_checks_direct_producer_and_typed_prefix ... ignored, requires compiled return provenance fixture

test result: ok. 0 passed; 0 failed; 1 ignored; 0 measured; 0 filtered out; finished in 0.00s

     Running tests\sibling_introspection_sbf.rs (target/borrowed-slices-host-check\debug\deps\sibling_introspection_sbf-ee7200bf75104798.exe)

running 1 test
test sibling_reads_respect_lengths_privileges_order_and_scope ... ignored, requires compiled sibling introspection fixture

test result: ok. 0 passed; 0 failed; 1 ignored; 0 measured; 0 filtered out; finished in 0.00s

     Running tests\token_escrow_sbf.rs (target/borrowed-slices-host-check\debug\deps\token_escrow_sbf-b73014c2068df411.exe)

running 2 tests
test adversarial_accounts_and_cpi_failures_rollback ... ignored, requires HOPPER_ESCROW_SBF
test funded_make_take_cancel_and_donations ... ignored, requires HOPPER_ESCROW_SBF

test result: ok. 0 passed; 0 failed; 2 ignored; 0 measured; 0 filtered out; finished in 0.00s

     Running tests\token_outcomes_sbf.rs (target/borrowed-slices-host-check\debug\deps\token_outcomes_sbf-901f62d42a9a441a.exe)

running 1 test
test token_receipt_policy_and_dedup_cpi_match_complete_svm_state ... ignored, requires HOPPER_TOKEN_OUTCOMES_SBF

test result: ok. 0 passed; 0 failed; 1 ignored; 0 measured; 0 filtered out; finished in 0.00s

     Running unittests src\lib.rs (target/borrowed-slices-host-check\debug\deps\hopper_function_lab-fb8539da62cc760e.exe)

running 0 tests

test result: ok. 0 passed; 0 failed; 0 ignored; 0 measured; 0 filtered out; finished in 0.00s

     Running unittests src\lib.rs (target/borrowed-slices-host-check\debug\deps\hopper-bb3dca3bbaaaa029.exe)

running 6 tests
test __macro_support::tests::remainder_slice_consumes_tail ... ok
test __macro_support::tests::decodes_bounded_string_arg_then_scalar ... ok
test __macro_support::tests::decodes_scalars_in_order ... ok
test __macro_support::tests::finish_rejects_trailing_bytes ... ok
test __macro_support::tests::typed_address_decodes ... ok
test __macro_support::tests::decodes_bounded_vec_arg_then_tail_slice ... ok

test result: ok. 6 passed; 0 failed; 0 ignored; 0 measured; 0 filtered out; finished in 0.00s

     Running tests\borrowed_dispatch.rs (target/borrowed-slices-host-check\debug\deps\borrowed_dispatch-2f7789e1ac5bae30.exe)

running 7 tests
test exact_dispatch_rejects_truncation_and_unconsumed_bytes ... ok
test borrowed_layouts_compose_with_scalars_other_layouts_and_a_tail ... ok
test __hopper_manifest_export::__hopper_print_manifest ... ok
test manifest_preserves_the_borrowed_alias_wire_size ... ok
test typed_account_admission_and_business_rules_still_run ... ok
test generated_clients_use_the_declared_fixed_byte_contract ... ok
test generated_dispatch_checks_nested_values_before_entering_the_handler ... ok

test result: ok. 7 passed; 0 failed; 0 ignored; 0 measured; 0 filtered out; finished in 0.00s

     Running tests\borrowed_slices.rs (target/borrowed-slices-host-check\debug\deps\borrowed_slices-7bf29fc9da6511d5.exe)

running 4 tests
test __hopper_manifest_export::__hopper_print_manifest ... ok
test aliased_owned_arguments_follow_the_same_dispatch_contract ... ok
test borrowed_sequences_compose_and_validate_before_account_binding ... ok
test sequence_metadata_follows_aliases_and_clients_keep_variable_width ... ok

test result: ok. 4 passed; 0 failed; 0 ignored; 0 measured; 0 filtered out; finished in 0.00s

     Running tests\checked_args.rs (target/borrowed-slices-host-check\debug\deps\checked_args-dfa9d02484755343.exe)

running 8 tests
test checked_prefix_and_tail_borrow_the_original_input_at_any_offset ... ok
test aliases_validate_all_enum_bytes_and_option_tags ... ok
test every_layout_macro_composes_value_validation_without_changing_size ... ok
test fixed_payloads_reject_every_truncation_and_trailing_bytes ... ok
test nested_arrays_and_tuple_structs_validate_every_element ... ok
test nested_options_only_validate_present_payloads ... ok
test raw_overlays_and_validation_remain_separate ... ok
test scalar_and_empty_array_validation_preserve_existing_value_semantics ... ok

test result: ok. 8 passed; 0 failed; 0 ignored; 0 measured; 0 filtered out; finished in 0.00s

     Running tests\compact_dynamic_tail_integration.rs (target/borrowed-slices-host-check\debug\deps\compact_dynamic_tail_integration-44dc7ebda8d61841.exe)

running 7 tests
test compact_dynamic_tail_sits_right_after_one_byte_disc_and_head ... ok
test compact_market_implements_compact_dynamic_layout ... ok
test distinct_tail_types_yield_distinct_layout_ids ... ok
test compact_tail_write_then_read_roundtrips_typed_payload ... ok
test compact_raw_tail_exposes_payload_slice ... ok
test compact_space_for_tail_is_disc_head_prefix_capacity ... ok
test fixed_compact_layout_reports_no_dynamic_tail ... ok

test result: ok. 7 passed; 0 failed; 0 ignored; 0 measured; 0 filtered out; finished in 0.00s

     Running tests\compact_tail_collections_integration.rs (target/borrowed-slices-host-check\debug\deps\compact_tail_collections_integration-3d83f4a6bbacd01e.exe)

running 5 tests
test compact_market_with_tail_ring_of_fills_overwrites_oldest ... ok
test compact_market_with_tail_slab_of_orders_keeps_stable_indices ... ok
test compact_market_with_tail_vec_push_pop ... ok
test fixed_head_and_collection_tail_coexist ... ok
test market_head_is_one_byte_disc_plus_fixed_head ... ok

test result: ok. 5 passed; 0 failed; 0 ignored; 0 measured; 0 filtered out; finished in 0.00s

     Running tests\composite_contexts_integration.rs (target/borrowed-slices-host-check\debug\deps\composite_contexts_integration-044df43e048951a0.exe)

running 7 tests
test account_count_sums_across_the_composite ... ok
test inner_wrong_owner_vault_fails_bind ... ok
test inner_unsigned_authority_fails_bind ... ok
test schema_metadata_splices_the_inner_context_per_slot ... ok
test outer_unsigned_payer_fails_bind ... ok
test valid_set_binds_and_writes_land_in_the_correct_flattened_slots ... ok
test too_few_accounts_for_the_flattened_count_fails ... ok

test result: ok. 7 passed; 0 failed; 0 ignored; 0 measured; 0 filtered out; finished in 0.00s

     Running tests\composite_options_integration.rs (target/borrowed-slices-host-check\debug\deps\composite_options_integration-2006af614e595fa7.exe)

running 7 tests
test composed_write_ranges_splice_the_inner_segment_rebased ... ok
test event_cpi_appends_after_the_flattened_set_and_control_is_unchanged ... ok
test composite_dispatcher_emits_on_ok_and_not_on_err ... ok
test touch_map_records_land_at_flattened_slots ... ok
test inner_segment_lease_enforceable_from_the_outer_gate ... ok
test composite_event_context_requires_the_trailing_slots ... ok
test composite_event_emit_produces_the_exact_wire_bytes ... ok

test result: ok. 7 passed; 0 failed; 0 ignored; 0 measured; 0 filtered out; finished in 0.00s

     Running tests\constant_integration.rs (target/borrowed-slices-host-check\debug\deps\constant_integration-b382ad95454ffcfb.exe)

running 4 tests
test constant_value_preserved ... ok
test descriptor_captures_metadata ... ok
test idl_emitter_empty_constants_array_on_empty_slice ... ok
test idl_emitter_renders_constants_array ... ok

test result: ok. 4 passed; 0 failed; 0 ignored; 0 measured; 0 filtered out; finished in 0.00s

     Running tests\declare_id.rs (target/borrowed-slices-host-check\debug\deps\declare_id-2b9e70a017171328.exe)

running 2 tests
test declare_id_generates_id_and_accessors ... ok
test declared_id_round_trips_through_base58 ... ok

test result: ok. 2 passed; 0 failed; 0 ignored; 0 measured; 0 filtered out; finished in 0.00s

     Running tests\declare_program_integration.rs (target/borrowed-slices-host-check\debug\deps\declare_program_integration-b01628e26fa9bf45.exe)

running 1 test
test declare_program_builds_borrowed_instruction_parts ... ok

test result: ok. 1 passed; 0 failed; 0 ignored; 0 measured; 0 filtered out; finished in 0.00s

     Running tests\dx_parity_docs.rs (target/borrowed-slices-host-check\debug\deps\dx_parity_docs-1e904b31ed58b040.exe)

running 1 test
test public_docs_and_templates_stay_on_first_touch_surface ... ok

test result: ok. 1 passed; 0 failed; 0 ignored; 0 measured; 0 filtered out; finished in 0.00s

     Running tests\dynamic_account_integration.rs (target/borrowed-slices-host-check\debug\deps\dynamic_account_integration-718310f403a1377a.exe)

running 18 tests
test account_sugar_lowers_signed_and_wide_scalars_to_wire ... ok
test account_attribute_auto_upgrades_pretty_dynamic_fields ... ok
test bare_tail_bytes_are_binary_safe ... ok
test account_too_small_errors_before_tail_write ... ok
test account_pretty_tail_schema_changes_layout_fingerprint ... ok
test dynamic_account_sugar_lowers_signed_and_wide_scalars_to_wire ... ok
test bare_tail_can_follow_bounded_compact_head ... ok
test generated_editor_commits_string_and_vector_changes ... ok
test invalid_utf8_in_compact_tail_is_rejected_by_borrowed_view ... ok
test bounded_tail_capacity_is_enforced ... ok
test dynamic_account_accepts_generic_tail_vectors ... ok
test dynamic_account_generates_fixed_body_tail_and_views ... ok
test bare_tail_str_consumes_remaining_payload ... ok
test bare_tail_str_validates_utf8_on_access ... ok
test in_place_setters_move_only_the_suffix ... ok
test layout_fingerprint_distinguishes_bare_tail_kind ... ok
test layout_fingerprint_includes_dynamic_tail_schema ... ok
test in_place_setters_keep_a_raw_final_field_intact ... ok

test result: ok. 18 passed; 0 failed; 0 ignored; 0 measured; 0 filtered out; finished in 0.00s

     Running tests\emit_touch_map_dispatch_integration.rs (target/borrowed-slices-host-check\debug\deps\emit_touch_map_dispatch_integration-e241a80081c6e2ff.exe)

running 2 tests
test opt_in_advertises_the_const_control_does_not ... ok
test dispatcher_emits_on_ok_path_and_not_on_err_path ... ok

test result: ok. 2 passed; 0 failed; 0 ignored; 0 measured; 0 filtered out; finished in 0.00s

     Running tests\epoch_migrate_context_integration.rs (target/borrowed-slices-host-check\debug\deps\epoch_migrate_context_integration-61f2bd217bf8ddec.exe)

running 4 tests
test current_epoch_account_binds_without_a_single_byte_written ... ok
test future_epoch_account_fails_bind_and_is_not_written ... ok
test stale_epoch_account_heals_through_both_edges_at_bind ... ok
test standalone_validate_accepts_stale_epochs_read_only_and_rejects_future ... ok

test result: ok. 4 passed; 0 failed; 0 ignored; 0 measured; 0 filtered out; finished in 0.00s

     Running tests\error_derive_integration.rs (target/borrowed-slices-host-check\debug\deps\error_derive_integration-a02a74f63d6a6777.exe)

running 7 tests
test derived_code_is_stable_and_nonzero ... ok
test explicit_codes_round_trip_through_u32 ... ok
test rust_discriminant_agrees_with_wire_code ... ok
test into_works_in_program_result_position ... ok
test registry_tables_track_every_variant ... ok
test lowers_into_program_error_custom ... ok
test invariant_metadata_is_recoverable ... ok

test result: ok. 7 passed; 0 failed; 0 ignored; 0 measured; 0 filtered out; finished in 0.00s

     Running tests\event_cpi_dispatch_integration.rs (target/borrowed-slices-host-check\debug\deps\event_cpi_dispatch_integration-a0ea760e055241c4.exe)

running 7 tests
test opt_in_appends_two_trailing_slots_and_advertises_the_const ... ok
test control_program_behaves_exactly_as_before ... ok
test emit_one_liner_produces_the_exact_wire_bytes ... ok
test emit_with_unsigned_outer_pda_authority_uses_supplied_seeds ... ok
test generated_sink_authenticates_marker_instructions ... ok
test bind_pins_the_appended_program_slot_to_the_program_id ... ok
test opted_in_context_requires_the_two_extra_accounts ... ok

test result: ok. 7 passed; 0 failed; 0 ignored; 0 measured; 0 filtered out; finished in 0.00s

     Running tests\exact_cell_accessors_integration.rs (target/borrowed-slices-host-check\debug\deps\exact_cell_accessors_integration-e50746641bc54029.exe)

running 3 tests
test attribute_context_projects_the_last_valid_u32_selected_cell ... ok
test multiple_selectors_change_only_the_selected_typed_cells ... ok
test out_of_range_reads_and_writes_refuse_without_truncating_the_selector ... ok

test result: ok. 3 passed; 0 failed; 0 ignored; 0 measured; 0 filtered out; finished in 0.00s

     Running tests\field_rules_integration.rs (target/borrowed-slices-host-check\debug\deps\field_rules_integration-784fa347603c26be.exe)

running 9 tests
test a_rule_change_is_classified_by_its_bounds ... ok
test accessors_speak_native_values ... ok
test field_rules_publish_the_text_and_the_bounds ... ok
test check_rules_returns_the_first_failure_in_field_order ... ok
test the_probe_selects_the_check_only_for_ruled_layouts ... ok
test bind_refuses_stored_values_that_break_a_rule ... ok
test try_set_refuses_a_bad_value_and_leaves_the_field_unchanged ... ok
test skip_rules_lets_a_repair_instruction_bind_broken_state ... ok
test bind_accepts_stored_values_that_satisfy_the_rules ... ok

test result: ok. 9 passed; 0 failed; 0 ignored; 0 measured; 0 filtered out; finished in 0.00s

     Running tests\hybrid_tail_integration.rs (target/borrowed-slices-host-check\debug\deps\hybrid_tail_integration-05d108c010a414b0.exe)

running 9 tests
test dynamic_fields_sugar_expands_to_tail_codec ... ok
test plain_layout_reports_has_dynamic_tail_false ... ok
test tail_read_rejects_truncated_buffer ... ok
test layout_reports_has_dynamic_tail_true ... ok
test tail_prefix_offset_sits_after_fixed_body ... ok
test tail_len_on_freshly_zeroed_buffer_is_zero ... ok
test tail_rewrite_overwrites_previous_payload ... ok
test tail_write_updates_prefix_then_payload ... ok
test tail_write_then_read_roundtrips_typed_payload ... ok

test result: ok. 9 passed; 0 failed; 0 ignored; 0 measured; 0 filtered out; finished in 0.00s

     Running tests\init_if_needed_integration.rs (target/borrowed-slices-host-check\debug\deps\init_if_needed_integration-5e0afc869f89e504.exe)

running 8 tests
test composite_v2_lets_the_outer_container_use_init_if_needed ... ok
test prefunded_below_minimum_allocates_assigns_and_debits_exactly_the_shortfall ... ok
test nonempty_valid_slot_binds_without_recreating_and_preserves_state ... ok
test published_surface_names_init_if_needed_and_its_bind_time_contract ... ok
test nonempty_wrong_owner_fails_exactly_like_a_required_mut_account ... ok
test prefunded_at_minimum_debits_the_payer_nothing_but_still_allocates_and_assigns ... ok
test nonempty_foreign_layout_fails_exactly_like_a_required_mut_account ... ok
test empty_slot_binds_and_runs_the_full_init_cpi_lifecycle ... ok

test result: ok. 8 passed; 0 failed; 0 ignored; 0 measured; 0 filtered out; finished in 0.00s

     Running tests\instructions_sysvar.rs (target/borrowed-slices-host-check\debug\deps\instructions_sysvar-8bff1fe714ab9e1a.exe)

running 3 tests
test instructions_sysvar_free_helpers_are_reachable_from_hopper_sysvar ... ok
test instructions_sysvar_reader_is_reachable_from_hopper_sysvar ... ok
test instructions_sysvar_reader_is_also_reachable_from_hopper_systems ... ok

test result: ok. 3 passed; 0 failed; 0 ignored; 0 measured; 0 filtered out; finished in 0.00s

     Running tests\layout_overlay_offsets.rs (target/borrowed-slices-host-check\debug\deps\layout_overlay_offsets-18d3f3fd38325a65.exe)

running 2 tests
test body_only_proc_layout_skips_header_and_keeps_borrow_guard ... ok
test declarative_layout_still_includes_header ... ok

test result: ok. 2 passed; 0 failed; 0 ignored; 0 measured; 0 filtered out; finished in 0.00s

     Running tests\metaplex_context_integration.rs (target/borrowed-slices-host-check\debug\deps\metaplex_context_integration-08d6ce973ff0082a.exe)

running 2 tests
test master_edition_max_supply_accepts_u64_and_option ... ok
test metaplex_data_v2_context_validation_accepts_limits ... ok

test result: ok. 2 passed; 0 failed; 0 ignored; 0 measured; 0 filtered out; finished in 0.00s

     Running tests\migrate_integration.rs (target/borrowed-slices-host-check\debug\deps\migrate_integration-f3a5ccbdc3a201dc.exe)

running 8 tests
test applying_edges_in_order_produces_final_state ... ok
test edge_constants_carry_correct_epochs ... ok
test layout_migrations_macro_registers_chain ... ok
test edge_constants_are_forward_migrations ... ok
test migration_chain_has_continuity ... ok
test migrators_reject_too_short_body ... ok
test v1_to_v2_migrator_adds_100_in_place ... ok
test v2_to_v3_migrator_xors_with_constant_deterministically ... ok

test result: ok. 8 passed; 0 failed; 0 ignored; 0 measured; 0 filtered out; finished in 0.00s

     Running tests\migrating_context_integration.rs (target/borrowed-slices-host-check\debug\deps\migrating_context_integration-23523abc7ac8d496.exe)

running 9 tests
test foreign_layout_fails_bind_with_the_normal_error_and_is_not_written ... ok
test undersized_v1_allocation_is_rejected_by_both_surfaces ... ok
test undersized_v1_grows_at_bind_with_a_payer_funded_rent_top_up ... ok
test standalone_validate_accepts_both_versions_without_writing ... ok
test v1_account_binds_migrates_and_handler_reads_the_transformed_values ... ok
test unsigned_authority_still_fails_bind ... ok
test standalone_validate_still_rejects_foreign_layouts ... ok
test validate_accepts_undersized_v1_when_the_context_declares_resize ... ok
test v2_account_binds_without_a_single_byte_written ... ok

test result: ok. 9 passed; 0 failed; 0 ignored; 0 measured; 0 filtered out; finished in 0.00s

     Running tests\named_fields.rs (target/borrowed-slices-host-check\debug\deps\named_fields-52ad86d572f7e355.exe)

running 4 tests
test compact_named_inputs_keep_the_compact_wire_contract ... ok
test consumer_defined_inputs_can_validate_before_writing ... ok
test named_and_positional_inputs_have_identical_wire_bytes ... ok
test composed_initialization_propagates_failure_without_local_undo ... ok

test result: ok. 4 passed; 0 failed; 0 ignored; 0 measured; 0 filtered out; finished in 0.00s

     Running tests\optional_accounts_integration.rs (target/borrowed-slices-host-check\debug\deps\optional_accounts_integration-5b7ac727d5a4c712.exe)

running 8 tests
test absent_optionals_bind_none_and_perform_zero_checks ... ok
test present_optional_not_writable_fails_exactly_like_required ... ok
test optional_slots_still_count_and_schema_publishes_optionality ... ok
test present_optional_with_wrong_owner_fails_exactly_like_required ... ok
test trailing_optionals_may_be_omitted_entirely ... ok
test program_id_slot_in_a_required_context_is_not_special ... ok
test present_optionals_bind_some_with_checks_enforced_and_typed_access ... ok
test present_optional_signer_unsigned_fails_exactly_like_required ... ok

test result: ok. 8 passed; 0 failed; 0 ignored; 0 measured; 0 filtered out; finished in 0.00s

     Running tests\program_manifest_integration.rs (target/borrowed-slices-host-check\debug\deps\program_manifest_integration-bdf007e18f6ef4b5.exe)

running 13 tests
test account_rows_are_converted_verbatim_from_schema_metadata ... ok
test __hopper_manifest_export::__hopper_print_manifest ... ok
test context_descriptors_are_the_specs_schema_metadata ... ok
test typed_handlers_publish_rows_raw_handlers_stay_opaque ... ok
test event_descriptor_publishes_tag_and_payload_relative_fields ... ok
test checked_in_smoke_manifest_carries_tx_explain_decode_surfaces ... ok
test name_version_default_to_cargo_pkg_and_override_cleanly ... ok
test schema_export_and_layout_manifest_agree ... ok
test manifest_json_renders_the_decode_surfaces ... ok
test release_binding_is_derived_from_the_same_program_manifest ... ok
test wrapper_signers_publish_signer_true ... ok
test overrides::__hopper_manifest_export::__hopper_print_manifest ... ok
test layout_manifest_carries_real_types_offsets_and_declared_intents ... ok

test result: ok. 13 passed; 0 failed; 0 ignored; 0 measured; 0 filtered out; finished in 0.00s

     Running tests\remaining_accounts_context_integration.rs (target/borrowed-slices-host-check\debug\deps\remaining_accounts_context_integration-55fbf0233a0bd3a7.exe)

running 1 test
test context_generates_remaining_account_modes ... ok

test result: ok. 1 passed; 0 failed; 0 ignored; 0 measured; 0 filtered out; finished in 0.00s

     Running tests\require_macros.rs (target/borrowed-slices-host-check\debug\deps\require_macros-f12cb411051a2672.exe)

running 16 tests
test require_amount_positive_rejects_zero ... ok
test require_eq_passes_when_equal ... ok
test require_neq_passes_when_different ... ok
test require_short_form_returns_invalid_argument ... ok
test require_gt_rejects_equal_values ... ok
test require_gte_errors_when_less ... ok
test require_keys_neq_errors_when_same_bytes ... ok
test require_keys_eq_passes_when_same_bytes ... ok
test require_errors_when_cond_false ... ok
test require_passes_when_cond_true ... ok
test require_gt_passes_when_strictly_greater ... ok
test require_gte_passes_when_greater_or_equal ... ok
test require_keys_eq_errors_when_different_bytes ... ok
test require_eq_errors_when_not_equal ... ok
test require_keys_neq_passes_when_different_bytes ... ok
test require_neq_errors_when_equal ... ok

test result: ok. 16 passed; 0 failed; 0 ignored; 0 measured; 0 filtered out; finished in 0.00s

     Running tests\segment_descriptor_validation.rs (target/borrowed-slices-host-check\debug\deps\segment_descriptor_validation-4ee9a6ba4468ea9a.exe)

running 2 tests
test malformed_geometry_is_refused_before_exposing_elements ... ok
test valid_slice_mutation_preserves_neighboring_regions ... ok

test result: ok. 2 passed; 0 failed; 0 ignored; 0 measured; 0 filtered out; finished in 0.00s

     Running tests\seq_tail_integration.rs (target/borrowed-slices-host-check\debug\deps\seq_tail_integration-1d76f523cd8c7bf3.exe)

running 4 tests
test layout_id_is_capacity_independent ... ok
test tail_context_publishes_a_single_open_ended_tail_range ... ok
test systems_mode_seq_tail_spelling_generates_the_same_cursors ... ok
test seq_tail_push_grow_and_head_protection_end_to_end ... ok

test result: ok. 4 passed; 0 failed; 0 ignored; 0 measured; 0 filtered out; finished in 0.00s

     Running tests\stored_bump_integration.rs (target/borrowed-slices-host-check\debug\deps\stored_bump_integration-3fa06317341b2b42.exe)

running 3 tests
test canonical_bump_abs_offset_points_at_the_marked_field ... ok
test init_probe_writes_the_bump_only_for_marked_layouts ... ok
test stored_bump_context_compiles_against_the_marker_const ... ok

test result: ok. 3 passed; 0 failed; 0 ignored; 0 measured; 0 filtered out; finished in 0.00s

     Running tests\strict_writes_manifest_integration.rs (target/borrowed-slices-host-check\debug\deps\strict_writes_manifest_integration-17048cf3420e4663.exe)

running 12 tests
test lamports_context_publishes_mutation_complete_consts ... ok
test bound_context_transfer_lamports_is_gated_end_to_end ... ok
test sweep_helper_executes_end_to_end_under_the_lamport_gate ... ok
test non_strict_context_publishes_empty_no_authority_set ... ok
test manifest_json_publishes_the_context_write_set ... ok
test runtime_gate_refuses_undeclared_lamport_mutation_for_bound_scope ... ok
test published_write_ranges_byte_match_declared_field_offsets ... ok
test manifest_json_publishes_mutation_complete_for_lamports_context ... ok
test effective_writable_demotes_exactly_the_untouched_account ... ok
test sweep_context_implies_exactly_the_sweep_roles ... ok
test runtime_write_policy_enforces_exactly_the_published_ranges ... ok
test toll_context_declares_exactly_the_transfer_roles ... ok

test result: ok. 12 passed; 0 failed; 0 ignored; 0 measured; 0 filtered out; finished in 0.00s

     Running tests\strict_writes_realloc_integration.rs (target/borrowed-slices-host-check\debug\deps\strict_writes_realloc_integration-99dc98be3ecae8cf.exe)

running 2 tests
test realloc_plus_segment_publishes_only_the_segment_range ... ok
test realloc_plus_segment_enforces_segment_and_reallocs_at_bind ... ok

test result: ok. 2 passed; 0 failed; 0 ignored; 0 measured; 0 filtered out; finished in 0.00s

     Running tests\sysvar_prelude.rs (target/borrowed-slices-host-check\debug\deps\sysvar_prelude-fe0f382b5d9ca067.exe)

running 3 tests
test clock_and_rent_are_in_the_prelude ... ok
test rent_minimum_balance_matches_const_path ... ok
test sysvar_module_exposes_full_surface ... ok

test result: ok. 3 passed; 0 failed; 0 ignored; 0 measured; 0 filtered out; finished in 0.00s

     Running tests\token_2022_docs.rs (target/borrowed-slices-host-check\debug\deps\token_2022_docs-ee17a744df99cc20.exe)

running 1 test
test guide_matches_compiled_examples ... ok

test result: ok. 1 passed; 0 failed; 0 ignored; 0 measured; 0 filtered out; finished in 0.00s

     Running tests\ui.rs (target/borrowed-slices-host-check\debug\deps\ui-d27f6c406699a063.exe)

running 4 tests
    Checking hopper-lang v0.6.0 (D:\tmp\Hopper-Solana-Zero-copy-State-Framework)
    Checking hopper-lang-tests v0.0.0 (D:\tmp\Hopper-Solana-Zero-copy-State-Framework\target\tests\trybuild\hopper-lang)
    Finished `dev` profile [unoptimized + debuginfo] target(s) in 3.46s


test tests/compile_fail/pod_bool_field.rs ... ok
test tests/compile_fail/pod_char_field.rs ... ok
test tests/compile_fail/pod_reference_field.rs ... ok
test tests/compile_fail/pod_missing_repr.rs ... ok
test tests/compile_fail/pod_padded_u64.rs ... ok
test tests/compile_fail/pod_vec_field.rs ... ok
test tests/compile_fail/zerocopy_seal_required.rs ... ok
test tests/compile_fail/ref_only_rejects_raw_ref.rs ... ok
test tests/compile_fail/quasar_mut_account_reference.rs ... ok


test compile_fail_pod ... ok
    Checking hopper-lang-tests v0.0.0 (D:\tmp\Hopper-Solana-Zero-copy-State-Framework\target\tests\trybuild\hopper-lang)
    Finished `dev` profile [unoptimized + debuginfo] target(s) in 0.14s


test tests/compile_fail/tiny_profile_multibyte_discriminator.rs ... ok
test tests/compile_fail/tiny_profile_receipt_modifier.rs ... ok


test compile_fail_tiny_profile ... ok
    Checking hopper-lang-tests v0.0.0 (D:\tmp\Hopper-Solana-Zero-copy-State-Framework\target\tests\trybuild\hopper-lang)
    Finished `dev` profile [unoptimized + debuginfo] target(s) in 0.13s


test tests/compile_fail/bare_tail_not_final.rs ... ok


test compile_fail_dynamic_tails ... ok
    Checking hopper-lang-tests v0.0.0 (D:\tmp\Hopper-Solana-Zero-copy-State-Framework\target\tests\trybuild\hopper-lang)
    Finished `dev` profile [unoptimized + debuginfo] target(s) in 0.13s


test tests/compile_fail/state_init_no_payer.rs ... ok
test tests/compile_fail/state_init_no_space.rs ... ok
test tests/compile_fail/state_seeds_no_bump.rs ... ok
test tests/compile_fail/state_realloc_no_payer.rs ... ok
test tests/compile_fail/state_realloc_no_zero.rs ... ok


test compile_fail_state_constraints ... ok

test result: ok. 4 passed; 0 failed; 0 ignored; 0 measured; 0 filtered out; finished in 7.09s

     Running tests\unit_enum_integration.rs (target/borrowed-slices-host-check\debug\deps\unit_enum_integration-6f0756f4a3959114.exe)

running 4 tests
test a_corrupt_byte_is_an_error_never_an_invalid_enum ... ok
test a_layout_carries_enums_and_options_as_single_bytes ... ok
test arguments_refuse_an_unknown_variant_at_parse ... ok
test the_macro_generates_the_mapping_from_the_declaration ... ok

test result: ok. 4 passed; 0 failed; 0 ignored; 0 measured; 0 filtered out; finished in 0.00s

     Running tests\unverified_loads.rs (target/borrowed-slices-host-check\debug\deps\unverified_loads-b963de604270bf20.exe)

running 6 tests
test load_unverified_overlays_in_place_and_reports_the_header ... ok
test a_renamed_view_loads_the_account_the_layout_wrote ... ok
test load_unchecked_is_the_same_overlay_without_any_check ... ok
test the_layout_is_header_then_fields ... ok
test load_unverified_refuses_a_buffer_shorter_than_the_layout ... ok
test load_unverified_still_reads_when_the_header_is_wrong_and_says_so ... ok

test result: ok. 6 passed; 0 failed; 0 ignored; 0 measured; 0 filtered out; finished in 0.00s

     Running tests\wrapper_context_integration.rs (target/borrowed-slices-host-check\debug\deps\wrapper_context_integration-ca1b64506724d31e.exe)

running 12 tests
test account_wrapper_phantom_data_is_zero_cost ... ok
test init_account_wrapper_phantom_data_is_zero_cost ... ok
test custom_program_id_impl_is_addressable_at_const_time ... ok
test prelude_exports_memo_and_token_interface_helpers ... ok
test program_profile_tiny_is_emitted ... ok
test signer_wrapper_is_repr_transparent_pointer_sized ... ok
test interface_wrappers_are_zero_cost ... ok
test state_helpers_accept_native_wire_values ... ok
test substrate_exports_runtime_and_native_symbols ... ok
test system_program_id_is_canonical_zero_pubkey ... ok
test unchecked_and_system_wrappers_are_zero_cost ... ok
test program_wrapper_phantom_data_is_zero_cost ... ok

test result: ok. 12 passed; 0 failed; 0 ignored; 0 measured; 0 filtered out; finished in 0.00s

     Running unittests src\lib.rs (target/borrowed-slices-host-check\debug\deps\hopper_lending-a9d4db115709bb37.exe)

running 0 tests

test result: ok. 0 passed; 0 failed; 0 ignored; 0 measured; 0 filtered out; finished in 0.00s

     Running tests\lending_tests.rs (target/borrowed-slices-host-check\debug\deps\lending_tests-132b560458d63e28.exe)

running 10 tests
test test_check_healthy ... ok
test test_check_liquidatable ... ok
test test_max_liquidation_amount ... ok
test test_collateralization_rejects_ratio_that_does_not_fit_u64 ... ok
test test_liquidation_seize_amount ... ok
test test_liquidation_seize_rejects_bonus_addition_overflow ... ok
test test_simple_interest ... ok
test test_utilization_rate ... ok
test test_collateralization_zero_debt ... ok
test test_collateralization_ratio_basic ... ok

test result: ok. 10 passed; 0 failed; 0 ignored; 0 measured; 0 filtered out; finished in 0.00s

     Running unittests src\lib.rs (target/borrowed-slices-host-check\debug\deps\hopper_macros-f09c7199bd91c9d3.exe)

running 0 tests

test result: ok. 0 passed; 0 failed; 0 ignored; 0 measured; 0 filtered out; finished in 0.00s

     Running unittests src\lib.rs (target/borrowed-slices-host-check\debug\deps\hopper_manager-88aa3967f8d75449.exe)

running 6 tests
test inspect::tests::format_flags_all_zero_is_none ... ok
test inspect::tests::header_report_handles_short_data ... ok
test inspect::tests::format_flags_combines_known_bits ... ok
test summary::tests::empty_events_reports_zero ... ok
test summary::tests::empty_policies_reports_zero ... ok
test summary::tests::instruction_report_missing_gives_error ... ok

test result: ok. 6 passed; 0 failed; 0 ignored; 0 measured; 0 filtered out; finished in 0.00s

     Running unittests src\lib.rs (target/borrowed-slices-host-check\debug\deps\hopper_memo-4e97801c6c9f5d44.exe)

running 0 tests

test result: ok. 0 passed; 0 failed; 0 ignored; 0 measured; 0 filtered out; finished in 0.00s

     Running unittests src\lib.rs (target/borrowed-slices-host-check\debug\deps\hopper_metaplex-428d9ca85dcf761b.exe)

running 4 tests
test encoding::tests::rejects_overflow ... ok
test encoding::tests::writes_option_none_u64_as_zero_byte ... ok
test encoding::tests::writes_option_some_u64_with_tag ... ok
test encoding::tests::writes_borsh_string_with_length_prefix ... ok

test result: ok. 4 passed; 0 failed; 0 ignored; 0 measured; 0 filtered out; finished in 0.00s

     Running unittests src\lib.rs (target/borrowed-slices-host-check\debug\deps\hopper_migration-3515d2f696865220.exe)

running 10 tests
test tests::append_compatible_check ... ok
test tests::migration_plan_steps ... ok
test tests::deposit_v2_uses_host_system_transfer_and_commits_state ... ok
test tests::migration_plan_is_append_only ... ok
test tests::no_op_same_version ... ok
test tests::field_compat_report ... ok
test tests::v1_layout_constants ... ok
test tests::manifest_field_counts ... ok
test tests::v2_layout_constants ... ok
test tests::distinct_layout_ids ... ok

test result: ok. 10 passed; 0 failed; 0 ignored; 0 measured; 0 filtered out; finished in 0.00s

     Running tests\deposit_v2_sbf.rs (target/borrowed-slices-host-check\debug\deps\deposit_v2_sbf-bf738459fbdbb18a.exe)

running 2 tests
test compiled_deposit_v2_insufficient_funds_rolls_back_every_account ... ok
test compiled_deposit_v2_enters_system_program_and_updates_lamports_and_state ... ok

test result: ok. 2 passed; 0 failed; 0 ignored; 0 measured; 0 filtered out; finished in 0.01s

     Running tests\devnet.rs (target/borrowed-slices-host-check\debug\deps\devnet-eb4adfd275011821.exe)

running 2 tests
test migration_v1_to_v2_and_deposit_v2_roundtrip ... ok
test rpc_redaction_removes_credentials_and_query_values ... ok

test result: ok. 2 passed; 0 failed; 0 ignored; 0 measured; 0 filtered out; finished in 0.00s

     Running unittests src\lib.rs (target/borrowed-slices-host-check\debug\deps\hopper_mint_plan_fixture-db5bbdefe201447c.exe)

running 0 tests

test result: ok. 0 passed; 0 failed; 0 ignored; 0 measured; 0 filtered out; finished in 0.00s

     Running unittests src\lib.rs (target/borrowed-slices-host-check\debug\deps\hopper_multisig-14ab9c3abe2f7b66.exe)

running 0 tests

test result: ok. 0 passed; 0 failed; 0 ignored; 0 measured; 0 filtered out; finished in 0.00s

     Running unittests src\lib.rs (target/borrowed-slices-host-check\debug\deps\hopper_native-109c276e35d45a3f.exe)

running 132 tests
test address::tests::address_eq_differs_only_in_last_byte ... ok
test address::tests::address_eq_detects_single_byte_difference_at_every_index ... ok
test address::tests::address_eq_matches_bytewise_on_equal_arrays ... ok
test budget::tests::floor_check_rejects_below_floor_with_coded_error ... ok
test budget::tests::host_snapshot_reports_zero_used_and_passes_guards ... ok
test arith::tests::lean_mul_covers_every_width_like_the_library ... ok
test curve25519::tests::the_decision_is_usable_in_a_const ... ok
test entrypoint::allocator_tests::an_older_allocation_moves_when_it_grows ... ok
test entrypoint::allocator_tests::dealloc_gives_nothing_back_and_touches_nothing ... ok
test budget::tests::host_remaining_is_unmetered_max ... ok
test curve25519::tests::d_is_the_curve_constant ... ok
test entrypoint::entrypoint_tail_tests::custom_err_maps_through_cold_outline_unchanged ... ok
test entrypoint::allocator_tests::a_requested_heap_frame_is_usable_to_its_end ... ok
test cpi::abi_tests::checked_paths_accept_pda_seeds_and_forward_only_instruction_metas ... ok
test entrypoint::allocator_tests::the_declared_heap_is_checked ... ok
test entrypoint::allocator_tests::a_checkpoint_gives_the_heap_back ... ok
test entrypoint::allocator_tests::allocations_start_above_the_scratch_and_grow_upward ... ok
test address::tests::eq_is_consistent_with_derived_ord ... ok
test budget::tests::floor_check_accepts_at_and_above_floor ... ok
test curve25519::tests::known_points_and_non_points ... ok
test address::tests::address_macro_uses_local_decoder ... ok
test entrypoint::allocator_tests::every_alignment_is_honoured ... ok
test entrypoint::allocator_tests::the_last_allocation_resizes_in_place ... ok
test cpi::abi_tests::c_instruction_and_specialized_meta_encoding_match_the_c_abi ... ok
test entrypoint::entrypoint_tail_tests::builtin_err_maps_through_cold_outline_unchanged ... ok
test entrypoint::allocator_tests::the_heap_is_exhausted_at_its_declared_end_and_not_before ... ok
test address::tests::decodes_system_program_literal ... ok
test error::tests::u64_conversion_matches_reference_for_every_variant ... ok
test entrypoint::entrypoint_tail_tests::err_to_u64_matches_from_impl_for_all_variants ... ok
test arith::tests::checked_mul_u64_matches_the_library_operator ... ok
test entrypoint::entrypoint_tail_tests::ok_returns_bare_success_zero ... ok
test hash::tests::sha256_off_chain_is_the_const_digest ... ok
test introspect::tests::absence_does_not_fabricate_an_instruction_or_touch_outputs ... ok
test hash::tests::wrappers_accept_the_runtime_slice_limit ... ok
test introspect::tests::probes_then_copies_exact_lengths_and_preserves_unused_capacity ... ok
test hash::tests::wrappers_refuse_beyond_the_runtime_slice_limit ... ok
test lazy::tests::agrees_with_duplicates ... ok
test lazy::tests::agrees_exactly_max_254_accounts ... ok
test lazy::tests::agrees_huge_data_len ... ok
test lazy::tests::drain_remaining_returns_all ... ok
test lazy::tests::agrees_zero_accounts ... ok
test lazy::tests::agrees_one_account ... ok
test lazy::tests::forward_duplicate_traps_on_consume - should panic ... ok
test introspect::tests::insufficient_buffers_are_rejected_before_copy ... ok
test introspect::tests::unexpected_return_or_changing_lengths_fail_closed ... ok
test lazy::tests::forward_duplicate_traps_in_tail_scan - should panic ... ok
test lazy::tests::ix_after_consuming_all_accounts ... ok
test introspect::tests::zero_length_sibling_is_distinct_from_absence ... ok
test lazy::tests::agrees_every_data_len_residue ... ok
test lazy::tests::memoized_tail_is_stable_across_calls_and_consumes ... ok
test lazy::tests::skip_advances_and_populates_get ... ok
test lazy::tests::drain_with_duplicates_aliases_canonical ... ok
test lazy::tests::one_account_ix_before_consume_then_account ... ok
test lazy::tests::ix_after_consuming_some_accounts ... ok
test lazy::tests::skip_past_end_errors ... ok
test lazy::tests::max_plus_accounts_clamp_and_tail_still_found ... ok
test lazy::tests::zero_accounts_serves_ix_and_pid_before_any_consume ... ok
test log::stack_writer_tests::a_cut_never_splits_a_character ... ok
test log::stack_writer_tests::a_message_that_fits_is_written_whole ... ok
test log::stack_writer_tests::nothing_is_appended_after_a_cut ... ok
test pda::tests::const_pda_accepts_fifteen_base_seeds ... ok
test pda::tests::const_pda_rejects_oversized_seeds - should panic ... ok
test pda::tests::const_pda_reserves_the_bump_slot - should panic ... ok
test pod::tests::bool_is_not_pod ... ok
test pod::tests::multibyte_ints_are_value_pod_not_pod ... ok
test pod::tests::primitives_are_pod ... ok
test project::tests::project_bounds_and_disc_checks_run_before_borrowing ... ok
test project::tests::projection_takes_a_shared_borrow_and_blocks_exclusive ... ok
test raw_input::checked_parser_tests::arbitrary_ff_input_never_panics ... ok
test raw_input::checked_parser_tests::forward_duplicate_marker_is_rejected ... ok
test raw_input::checked_parser_tests::arbitrary_short_input_never_panics ... ok
test raw_input::checked_parser_tests::oversized_account_count_is_rejected ... ok
test raw_input::checked_parser_tests::self_duplicate_marker_is_rejected ... ok
test raw_input::checked_parser_tests::parses_minimal_valid_frame ... ok
test raw_input::checked_parser_tests::truncated_header_is_rejected ... ok
test raw_input::fused_walk_tests::account_count_clamps_at_254_materialized_slots ... ok
test raw_input::fused_walk_tests::duplicate_in_skip_only_tail_advances_eight_bytes ... ok
test raw_input::fused_walk_tests::duplicates_alias_the_canonical_record ... ok
test curve25519::tests::field_arithmetic_obeys_the_field_laws ... ok
test raw_input::fused_walk_tests::beyond_max_is_skip_only_and_tail_still_found ... ok
test raw_input::fused_walk_tests::exactly_max_accounts ... ok
test raw_input::fused_walk_tests::fast_variant_uses_same_stride_and_aliases_duplicates ... ok
test raw_input::fused_walk_tests::folded_stride_matches_align_offset_formula ... ok
test raw_input::fused_walk_tests::forward_duplicate_marker_in_skip_only_tail_is_crossed_not_viewed ... ok
test raw_input::fused_walk_tests::forward_duplicate_marker_traps_in_materialize_range - should panic ... ok
test raw_input::fused_walk_tests::fused_walk_agrees_with_checked_parser ... ok
test raw_input::fused_walk_tests::every_data_len_alignment_residue_walks_correctly ... ok
test raw_input::fused_walk_tests::one_account_materializes_and_finds_tail ... ok
test raw_input::fused_walk_tests::next_record_matches_the_offset_stride ... ok
test raw_input::fused_walk_tests::materialize_stops_at_the_count_and_at_the_bound ... ok
test raw_input::fused_walk_tests::huge_data_len_near_region_end ... ok
test raw_input::fused_walk_tests::take_duplicate_aliases_an_earlier_slot_and_crosses_eight_bytes ... ok
test raw_input::fused_walk_tests::take_canonical_writes_the_view_records_the_baseline_and_strides ... ok
test raw_input::fused_walk_tests::leading_prefix_materializes_only_the_declared_accounts ... ok
test raw_input::fused_walk_tests::take_duplicate_traps_on_a_marker_that_is_not_earlier - should panic ... ok
test raw_input::fused_walk_tests::take_record_follows_the_marker ... ok
test raw_input::fused_walk_tests::zero_accounts_finds_ix_data_and_program_id ... ok
test raw_input::loader_count_tests::reads_the_leading_count_word ... ok
test return_data::tests::as_type_length_checks_against_the_prefix ... ok
test return_data::tests::as_u64_and_as_u32_never_read_past_the_prefix ... ok
test return_data::tests::data_exposes_exactly_the_written_prefix ... ok
test return_data::tests::offchain_get_return_data_is_none ... ok
test return_data::tests::typed_return_requires_the_expected_producer_and_initialized_type ... ok
test sha256::tests::concat_matches_single_slice ... ok
test sha256::tests::incremental_empty_matches_one_shot_empty ... ok
test sha256::tests::incremental_matches_single_slice_across_block_boundaries ... ok
test sha256::tests::sha256_abc_matches_known_vector ... ok
test sha256::tests::sha256_empty_matches_known_vector ... ok
test slot_hashes::tests::a_header_that_does_not_describe_the_sysvar_is_refused ... ok
test syscalls::tests::sys_hash_matches_known_agave_constants ... ok
test slot_hashes::tests::the_reasons_are_told_apart ... ok
test sysvar::abi_tests::clock_reads_canonical_byte_image ... ok
test sysvar::abi_tests::epoch_rewards_decodes_canonical_byte_image ... ok
test sysvar::abi_tests::epoch_schedule_decodes_canonical_image ... ok
test sysvar::abi_tests::epoch_rewards_off_chain_is_zeroed_default ... ok
test sysvar::abi_tests::epoch_schedule_extreme_inputs_do_not_wrap_or_panic ... ok
test sysvar::abi_tests::epoch_schedule_reads_canonical_byte_image ... ok
test sysvar::abi_tests::epoch_schedule_warmup_boundaries ... ok
test sysvar::abi_tests::rent_image_offsets ... ok
test sysvar::rent_tests::const_and_sysvar_agree_at_launch_snapshot ... ok
test sysvar::rent_tests::const_rent_exempt_minimum_no_overflow_at_extremes ... ok
test sysvar::rent_tests::repriced_sysvar_exceeds_const_underestimate ... ok
test sysvar::rent_tests::saturating_mul_u64_matches_the_library_operator ... ok
test sysvar::rent_tests::sysvar_minimum_balance_byte_matches_solana_reference ... ok
test sysvar::rent_tests::sysvar_minimum_balance_no_overflow_at_extremes ... ok
test sysvar::rent_tests::threshold_scaling_is_float_free_and_never_underfunds ... ok
test wire::tests::wire_roundtrip_and_checked_math ... ok
test wire::tests::wire_types_satisfy_substrate_pod ... ok
test slot_hashes::tests::skipped_slots_are_reported_and_cost_little ... ok
test slot_hashes::tests::a_full_sysvar_with_no_skips_answers_in_two_reads ... ok
test slot_hashes::tests::every_length_from_empty_to_full ... ok
test slot_hashes::tests::long_gaps_fall_back_to_the_search ... ok

test result: ok. 132 passed; 0 failed; 0 ignored; 0 measured; 0 filtered out; finished in 0.01s

     Running tests\borrow_aware_readers.rs (target/borrowed-slices-host-check\debug\deps\borrow_aware_readers-cfa6028b0e03570e.exe)

running 6 tests
test a_fingerprint_is_taken_under_a_shared_borrow ... ok
test by_value_lenses_read_in_bounds_and_refuse_an_exclusive_borrow ... ok
test layout_id_is_a_copy ... ok
test header_readers_answer_while_unborrowed_or_shared ... ok
test short_accounts_have_no_header_fields ... ok
test header_readers_fail_closed_under_an_exclusive_borrow ... ok

test result: ok. 6 passed; 0 failed; 0 ignored; 0 measured; 0 filtered out; finished in 0.00s

     Running tests\cpi_borrow_preflight.rs (target/borrowed-slices-host-check\debug\deps\cpi_borrow_preflight-d7e4c2b3b9b022fc.exe)

running 4 tests
test specialized_unsigned_signers_fail_locally_but_pdas_reach_runtime_validation ... ok
test system_seeded_helpers_distinguish_readonly_and_writable_metas ... ok
test system_create_account_rejects_live_borrows_before_invoke_without_mutation ... ok
test token_transfer_preflights_each_meta_and_outer_writable_privilege ... ok

test result: ok. 4 passed; 0 failed; 0 ignored; 0 measured; 0 filtered out; finished in 0.00s

     Running tests\lifecycle_preflight.rs (target/borrowed-slices-host-check\debug\deps\lifecycle_preflight-06a990cd982c858c.exe)

running 4 tests
test read_only_recipient_and_overflow_leave_both_accounts_unchanged ... ok
test close_refusal_is_unchanged_even_when_the_error_is_caught ... ok
test self_transfer_preserves_balance_and_self_close_is_rejected ... ok
test underfunded_resize_cannot_use_the_target_as_its_own_payer ... ok

test result: ok. 4 passed; 0 failed; 0 ignored; 0 measured; 0 filtered out; finished in 0.00s

     Running tests\loader_input_conformance.rs (target/borrowed-slices-host-check\debug\deps\loader_input_conformance-717805a8dccfd7a8.exe)

running 11 tests
test account_view_stays_pointer_shaped_for_the_0449_table_cast ... ok
test checked_0449_decoder_rejects_malformed_duplicates_and_truncation ... ok
test checked_table_and_stride_views_have_identical_mutation_semantics ... ok
test direct_pointer_table_initializes_resize_baselines_before_views_escape ... ok
test safe_resize_preflights_borrows_and_writable_privilege_without_mutation ... ok
test resize_uses_entry_baseline_after_cpi_and_duplicate_aliases_share_it ... ok
test checked_0449_decoder_rejects_equal_but_out_of_frame_instruction_bytes ... ok
test checked_0449_decoder_rejects_out_of_region_and_noncanonical_pointers ... ok
test stride_walk_pins_the_loader_geometry_across_data_len_residues ... ok
test simd_0449_table_resolves_to_exactly_the_stride_walk_views ... ok
test checked_0449_decoder_matches_the_stride_walk_for_every_alignment_residue ... ok

test result: ok. 11 passed; 0 failed; 0 ignored; 0 measured; 0 filtered out; finished in 0.01s

     Running tests\mapped_borrows.rs (target/borrowed-slices-host-check\debug\deps\mapped_borrows-79f32aea5aa57a79.exe)

running 3 tests
test mutable_projection_preserves_exclusivity_and_error_returns_original ... ok
test shared_projection_and_failed_selection_keep_the_lease ... ok
test unwinding_a_mapping_closure_releases_the_borrow ... ok

test result: ok. 3 passed; 0 failed; 0 ignored; 0 measured; 0 filtered out; finished in 0.00s

     Running tests\mem_primitives.rs (target/borrowed-slices-host-check\debug\deps\mem_primitives-9018ee99515a11db.exe)

running 5 tests
test memcmp_orders_by_the_first_differing_byte ... ok
test memmove_is_correct_when_the_regions_overlap ... ok
test memcpy_copies_exactly_n_bytes ... ok
test the_safe_wrappers_check_lengths ... ok
test memset_fills_exactly_n_bytes ... ok

test result: ok. 5 passed; 0 failed; 0 ignored; 0 measured; 0 filtered out; finished in 0.00s

     Running tests\nonce_state.rs (target/borrowed-slices-host-check\debug\deps\nonce_state-82447339ee471471.exe)

running 3 tests
test a_longer_account_reads_the_same_fields ... ok
test each_field_is_read_from_its_own_bytes ... ok
test what_is_not_an_initialized_nonce_is_refused ... ok

test result: ok. 3 passed; 0 failed; 0 ignored; 0 measured; 0 filtered out; finished in 0.00s

     Running tests\projection_and_lenses.rs (target/borrowed-slices-host-check\debug\deps\projection_and_lenses-d98ef8d36e297ab0.exe)

running 9 tests
test header_word_packs_the_four_flag_bytes ... ok
test lenses_refuse_what_is_out_of_bounds_without_leaking_a_borrow ... ok
test lenses_wait_for_an_exclusive_borrow ... ok
test lenses_read_what_is_there_and_hold_a_shared_borrow ... ok
test project_mut_checks_bounds_disc_and_alignment ... ok
test project_mut_on_an_empty_account_has_no_discriminator_to_match ... ok
test project_hopper_mut_writes_the_body_and_leaves_the_header ... ok
test project_slice_counts_in_elements ... ok
test the_hopper_body_starts_after_sixteen_bytes ... ok

test result: ok. 9 passed; 0 failed; 0 ignored; 0 measured; 0 filtered out; finished in 0.00s

     Running tests\unsafe_accessors.rs (target/borrowed-slices-host-check\debug\deps\unsafe_accessors-f334d9c29b284c5d.exe)

running 8 tests
test borrow_unchecked_is_the_checked_region_and_leaves_the_borrow_state_alone ... ok
test new_unchecked_views_the_header_and_data_it_was_given ... ok
test close_unchecked_clears_lamports_length_and_owner_without_touching_data ... ok
test checked_segments_refuse_what_the_unchecked_contract_assumes ... ok
test owner_reads_the_header_and_assign_replaces_it ... ok
test raw_ref_and_raw_mut_are_bounds_checked_and_borrow_tracked ... ok
test unchecked_segments_address_the_same_bytes_as_the_checked_ones ... ok
test resize_unchecked_sets_the_length_and_nothing_else ... ok

test result: ok. 8 passed; 0 failed; 0 ignored; 0 measured; 0 filtered out; finished in 0.00s

     Running unittests src\lib.rs (target/borrowed-slices-host-check\debug\deps\hopper_native_lifecycle_fixture-1030709c922d7c2b.exe)

running 0 tests

test result: ok. 0 passed; 0 failed; 0 ignored; 0 measured; 0 filtered out; finished in 0.00s

     Running unittests src\lib.rs (target/borrowed-slices-host-check\debug\deps\hopper_nft_mint-7c52c23a6573ed9f.exe)

running 0 tests

test result: ok. 0 passed; 0 failed; 0 ignored; 0 measured; 0 filtered out; finished in 0.00s

     Running unittests src\lib.rs (target/borrowed-slices-host-check\debug\deps\hopper_orderbook-4bd4c83b8f2c9903.exe)

running 8 tests
test tests::event_queue_wraparound_preserves_slot_order ... ok
test tests::ask_removal_requires_its_maker_and_drain_advances_once ... ok
test tests::initialization_requires_book_signature_and_never_resets_state ... ok
test tests::full_event_queue_preserves_ask_and_unread_events ... ok
test tests::initialization_refuses_dirty_body_even_with_zero_header ... ok
test tests::malformed_layout_and_counters_are_refused_without_mutation ... ok
test tests::invalid_order_input_and_missing_signer_do_not_mutate ... ok
test tests::posting_changes_only_selected_count_and_record ... ok

test result: ok. 8 passed; 0 failed; 0 ignored; 0 measured; 0 filtered out; finished in 0.01s

     Running tests\devnet.rs (target/borrowed-slices-host-check\debug\deps\devnet-59ddfadd3309d313.exe)

running 2 tests
test orderbook_post_bid_changes_only_the_decoded_bids_record ... ok
test rpc_redaction_removes_credentials_and_query_values ... ok

test result: ok. 2 passed; 0 failed; 0 ignored; 0 measured; 0 filtered out; finished in 0.00s

     Running unittests src\lib.rs (target/borrowed-slices-host-check\debug\deps\hopper_parity_vault-45be0f20e7143275.exe)

running 0 tests

test result: ok. 0 passed; 0 failed; 0 ignored; 0 measured; 0 filtered out; finished in 0.00s

     Running unittests src\lib.rs (target/borrowed-slices-host-check\debug\deps\hopper_pda_boundaries_fixture-c24a5d8faf633fd0.exe)

running 0 tests

test result: ok. 0 passed; 0 failed; 0 ignored; 0 measured; 0 filtered out; finished in 0.00s

     Running unittests src\lib.rs (target/borrowed-slices-host-check\debug\deps\hopper_policy_vault-1a6da31f84a02b24.exe)

running 3 tests
test tests::raw_matches_named_constant ... ok
test tests::sealed_matches_named_constant ... ok
test tests::strict_matches_named_constant ... ok

test result: ok. 3 passed; 0 failed; 0 ignored; 0 measured; 0 filtered out; finished in 0.00s

     Running unittests src\lib.rs (target/borrowed-slices-host-check\debug\deps\hopper_proc_vault-61f65f82e74e8c82.exe)

running 9 tests
test abs_offset_tests::abs_offsets_are_strictly_increasing ... ok
test abs_offset_tests::balance_abs_offset_is_header_plus_offset ... ok
test abs_offset_tests::pending_rewards_abs_offset_is_header_plus_offset ... ok
test descriptor_tests::headered_descriptor_folds_in_universal_header ... ok
test schema_metadata_tests::admin_sweep_metadata_roundtrips ... ok
test schema_metadata_tests::deposit_vault_is_existing_not_init ... ok
test manifest_profile_tests::program_declares_onchain_manifest_profile ... ok
test schema_metadata_tests::deposit_metadata_names_context_and_accounts ... ok
test schema_metadata_tests::deposit_authority_is_signer_only ... ok

test result: ok. 9 passed; 0 failed; 0 ignored; 0 measured; 0 filtered out; finished in 0.00s

     Running unittests src\lib.rs (target/borrowed-slices-host-check\debug\deps\hopper_registry-ac35c32fe63403d4.exe)

running 0 tests

test result: ok. 0 passed; 0 failed; 0 ignored; 0 measured; 0 filtered out; finished in 0.00s

     Running unittests src\lib.rs (target/borrowed-slices-host-check\debug\deps\hopper_return_provenance_fixture-350499edaad07101.exe)

running 0 tests

test result: ok. 0 passed; 0 failed; 0 ignored; 0 measured; 0 filtered out; finished in 0.00s

     Running unittests src\lib.rs (target/borrowed-slices-host-check\debug\deps\hopper_router-177aa3b83da2d3f0.exe)

running 4 tests
test tests::encode_swap_data_matches_contract_layout ... ok
test tests::parse_route_rejects_zero_and_excess_hop_counts ... ok
test tests::parse_route_rejects_length_mismatch ... ok
test tests::parse_route_roundtrips_three_hops ... ok

test result: ok. 4 passed; 0 failed; 0 ignored; 0 measured; 0 filtered out; finished in 0.00s

     Running unittests src\lib.rs (target/borrowed-slices-host-check\debug\deps\hopper_runtime-4a083ca690770aa0.exe)

running 403 tests
test account::tests::check_owned_by_any_accepts_listed_owner_and_rejects_others ... ok
test account::tests::close_to_rejects_the_same_account_as_recipient ... ok
test account::tests::close_to_refusal_preserves_source_and_recipient ... ok
test account::tests::compact_load_rejects_wrong_disc ... ok
test account::tests::close_refuses_while_data_borrow_is_live ... ok
test account::tests::const_segment_api_matches_manual_offsets ... ok
test account::tests::init_header_stamps_layout_schema_epoch ... ok
test account::tests::every_access_path_is_tracked ... ok
test account::tests::compact_load_rejects_oversized_fixed_buffer ... ok
test account::tests::compact_dynamic_loads_head_with_a_growable_tail ... ok
test account::tests::seg_lease_still_rejects_simultaneous_overlap ... ok
test account::tests::seg_lease_releases_on_drop_and_allows_reacquire ... ok
test account::tests::default_layout_accepts_legacy_zero_epoch ... ok
test account::tests::compact_init_rejects_overlapping_or_overflowing_tail_before_writing ... ok
test account::tests::duplicate_address_aliases_are_rejected_across_views ... ok
test account::tests::compact_load_uses_one_byte_header_and_body_at_offset_one ... ok
test account::tests::expect_signer_writable_keeps_distinct_errors_and_passes_valid ... ok
test account::tests::compact_dynamic_rejects_short_and_wrong_disc ... ok
test account::tests::live_load_blocks_segment_mut ... ok
test account::tests::live_load_mut_blocks_segment_ref ... ok
test account::tests::layout_info_matches_checks_schema_epoch ... ok
test account::tests::load_mut_is_zero_copy_and_pointer_stable ... ok
test account::tests::load_after_segment_drop_succeeds ... ok
test account::tests::compact_load_rejects_short_buffer ... ok
test account::tests::load_rejects_wrong_disc_and_wrong_version ... ok
test account::tests::split_segments_mut_rejects_overlap_and_rolls_back ... ok
test account::tests::typed_load_holds_borrow_until_drop ... ok
test account::tests::compact_loads_recheck_actual_body_bounds ... ok
test account::tests::extension_bytes_mut_is_governed_over_its_exact_range ... ok
test account::tests::load_cross_program_guards_length_even_with_lax_foreign_header ... ok
test account::tests::load_rejects_undersized_layout_body ... ok
test account::tests::split_segments_mut_borrows_two_disjoint_ranges ... ok
test account::tests::typed_segment_api_round_trips ... ok
test account::tests::typed_load_rejects_schema_epoch_mismatch ... ok
test account::tests::load_supports_header_inclusive_layouts ... ok
test account::tests::zero_appended_rides_the_transition_authority_not_the_byte_ranges ... ok
test account::tests::typed_loads_do_not_trust_overridden_sizing_and_validation ... ok
test account::tests::zero_range_is_gated_over_exactly_the_cleared_bytes ... ok
test account_wrappers::resolver_tests::interface_account_resolver_keeps_owner_and_layout_checks ... ok
test account_wrappers::resolver_tests::interface_account_revalidates_layout_after_binding ... ok
test account_wrappers::resolver_tests::interface_account_resolves_bounded_layout_variants ... ok
test account_wrappers::resolver_tests::interface_account_revalidates_owner_after_binding ... ok
test account_wrappers::tests::signer_wrapper_is_pointer_sized_zero_cost ... ok
test account_wrappers::tests::system_program_id_is_all_zero ... ok
test address::tests::address_is_zero_or_fold ... ok
test address::tests::keys_eq_bytes_matches_slice_semantics ... ok
test address::tests::keys_eq_detects_single_byte_difference_at_every_index ... ok
test address::tests::eq_is_consistent_with_derived_ord ... ok
test address::tests::keys_eq_differs_only_in_last_byte ... ok
test address::tests::keys_eq_matches_bytewise_on_equal_arrays ... ok
test audit::tests::detects_any_duplicate ... ok
test audit::tests::read_only_duplicates_do_not_fail_writable_audit ... ok
test audit::tests::signer_duplicates_are_rejected ... ok
test audit::tests::writable_duplicates_are_rejected ... ok
test behavior::tests::check_mints_proof_with_payload_and_rejects_violations ... ok
test behavior::tests::update_requires_the_proof_and_applies_declared_writes ... ok
test behavior::tests::write_contribution_is_declared_for_strict_writes_folding ... ok
test bounded_slice::tests::unaligned_borrow_preserves_pointer_and_suffix ... ok
test bounded_slice::tests::length_and_representation_checks_are_atomic ... ok
test compact::tests::validate_checks_len_and_disc ... ok
test compute::tests::offchain_compute_is_unlimited ... ok
test compact::tests::compact_len_is_one_plus_body ... ok
test context::write_policy_tests::distinct_slots_refuses_one_account_in_two_roles ... ok
test context::write_policy_tests::empty_policy_is_a_machine_checked_read_only_instruction ... ok
test context::write_policy_tests::dispatch_emits_touch_map_on_ok_path_only ... ok
test context::write_policy_tests::field_policy_allows_declared_segments_and_refuses_the_rest ... ok
test context::write_policy_tests::finish_with_touch_map_finalizes_a_decodable_record ... ok
test context::write_policy_tests::no_policy_leaves_every_write_path_open ... ok
test context::write_policy_tests::load_mut_is_gated_before_header_validation_or_borrow ... ok
test context::write_policy_tests::field_policy_refuses_whole_account_write_paths ... ok
test context::write_policy_tests::scoped_context_runtime_segments_preserve_write_policy ... ok
test context::write_policy_tests::touch_map_emission_marks_overflow_honestly ... ok
test context::write_policy_tests::touch_map_emission_round_trips_through_the_wire_format ... ok
test context::write_policy_tests::untouched_context_finish_emits_no_touch_records ... ok
test context::write_policy_tests::whole_account_allowance_admits_all_write_paths ... ok
test context::write_policy_tests::whole_account_load_mut_lands_in_the_touch_map ... ok
test cpi::dedup_tests::dedup_system_transfer_resolves_reordered_infos_and_ignores_extras ... ok
test cpi::dedup_tests::dedup_system_transfer_rejects_missing_meta_before_mutation ... ok
test cpi::tests::borrow_checked_rejects_live_mutable_data_borrow ... ok
test cpi::tests::borrow_checked_requires_enough_account_views ... ok
test cpi::tests::borrow_checked_succeeds_after_borrow_release ... ok
test cpi::tests::borrow_checked_offchain_noop_path_returns_ok ... ok
test cpi::tests::duplicate_writable_accounts_are_rejected_before_cpi ... ok
test cpi::tests::host_system_transfer_is_gated_through_the_lamport_funnel ... ok
test cpi::tests::fused_build_matches_split_build_and_per_tier_errors ... ok
test cpi::tests::borrow_checked_permits_duplicate_writable_metas_unlike_default_tier ... ok
test cpi::tests::signed_preflight_defers_pda_derivation_to_the_svm ... ok
test cpi::tests::writable_meta_is_refused_unless_both_dimensions_are_declared ... ok
test cpi::tests::host_system_transfer_refusal_leaves_both_balances_untouched ... ok
test cpi_event::tests::decode_is_the_exact_inverse_of_encode ... ok
test cpi_event::tests::decode_rejects_short_or_mismarked_data ... ok
test cpi_event::tests::host_invoke_accepts_supplied_pda_authority_and_captures_the_wire_bytes ... ok
test cpi_event::tests::host_verify_event_authority_reports_the_placeholder_bump ... ok
test cpi_event::tests::encodes_marker_tag_and_payload_in_order ... ok
test cpi_event::tests::rejects_short_buffer ... ok
test cpi_event::tests::invoke_rejects_too_many_seeds ... ok
test cpi_event::tests::reserved_marker_is_stable ... ok
test cpi_event::tests::sink_accepts_a_signed_authority_on_host ... ok
test cpi_event::tests::sink_rejects_short_data_and_wrong_marker ... ok
test cpi_event::tests::sink_requires_the_authority_account_to_be_present ... ok
test cpi_event::tests::sink_requires_the_authority_to_sign ... ok
test cpi_event::tests::trait_tag_defaults_to_the_associated_const ... ok
test cpi_event::tests::zero_payload_is_valid ... ok
test crank::tests::empty_marker_has_zero_hints ... ok
test crank::tests::lookup_miss_returns_none ... ok
test crank::tests::lookup_resolves_named_field ... ok
test crypto::tests::bn254_rejects_bad_input_lengths ... ok
test crypto::tests::curve_msm_requires_matching_nonempty_inputs ... ok
test crypto::tests::host_without_a_trace_has_no_processed_siblings ... ok
test crypto::tests::sha256_matches_the_native_digest_with_more_than_sixteen_parts ... ok
test crypto::tests::poseidon_rejects_bad_input_shape ... ok
test dyn_cpi::tests::byte_push_walks_the_buffer ... ok
test crypto::tests::hash_helpers_reject_more_than_the_native_slice_limit ... ok
test dyn_cpi::tests::invoke::account_views_exposes_push_order_prefix ... ok
test dyn_cpi::tests::invoke::invoke_rejects_duplicate_writable_accounts ... ok
test dyn_cpi::tests::data_overflow_rejects ... ok
test dyn_cpi::tests::invoke::distinct_addresses_stay_distinct_infos ... ok
test dyn_cpi::tests::invoke::invoke_validates_and_submits_built_metas ... ok
test dyn_cpi::tests::invoke::invoke_surfaces_flag_mismatch_from_built_metas ... ok
test dyn_cpi::tests::invoke::invoke_submits_deduped_repeated_readonly_account ... ok
test dyn_cpi::tests::invoke::metas_preserve_order_and_duplicates_while_infos_dedup ... ok
test dyn_cpi::tests::push_pubkey_fills_32_bytes ... ok
test crypto::tests::hash_helpers_accept_the_native_slice_limit ... ok
test dyn_cpi::tests::invoke::repeated_address_collapses_to_one_info_with_or_merged_flags ... ok
test enum_byte::tests::a_byte_that_names_no_variant_is_refused_not_transmuted ... ok
test enum_byte::tests::layout_is_one_byte_with_alignment_one ... ok
test enum_byte::tests::overlays_on_account_bytes ... ok
test enum_byte::tests::reads_validate_and_writes_store_the_variant_byte ... ok
test error::tag_encoding_tests::u64_conversion_matches_reference_for_every_variant ... ok
test error::tag_encoding_tests::glue_roundtrips_identity_for_every_variant ... ok
test foreign::tests::external_account_rejects_wrong_owner_or_prefix ... ok
test dyn_cpi::tests::invoke::wide_dyn_cpi_exceeds_legacy_64_account_ceiling ... ok
test foreign::tests::external_account_revalidates_owner_and_discriminator_after_binding ... ok
test foreign::tests::external_account_validates_owner_discriminator_and_length ... ok
test foreign::tests::manifest_range_spans_inclusive ... ok
test foreign::tests::manifest_single_epoch_is_inclusive_single_value ... ok
test instruction::tests::stored_account_meta_flags_round_trip ... ok
test instruction::tests::stored_instruction_builds_instruction_view_without_alloc ... ok
test instruction::tests::stored_instruction_rejects_small_output_buffer ... ok
test lamports::tests::dropping_the_gate_restores_ungated_passthrough ... ok
test lamports::tests::gated_self_transfer_follows_the_declared_set ... ok
test lamports::tests::gated_arithmetic_refusals_keep_indexed_gate_errors_out_of_the_way ... ok
test lamports::tests::gated_transfer_between_declared_accounts_moves_exact_balances ... ok
test lamports::tests::gated_transfer_composes_with_data_ranges ... ok
test lamports::tests::gated_transfer_from_undeclared_account_is_refused_before_any_mutation ... ok
test lamports::tests::gated_transfer_to_undeclared_account_is_refused_before_any_mutation ... ok
test lamports::tests::ungated_behavior_matches_substrate_helper_exactly ... ok
test lamports::tests::ungated_self_transfer_is_balance_checked_net_zero ... ok
test lazy::tests::drain_remaining_casts_the_whole_slice ... ok
test log::stack_writer_tests::a_cut_never_splits_a_character ... ok
test log::stack_writer_tests::a_message_that_fits_is_written_whole ... ok
test lazy::tests::bridge_yields_runtime_types_end_to_end ... ok
test log::stack_writer_tests::nothing_is_appended_after_a_cut ... ok
test memory::tests::copy_bytes_copies_prefix ... ok
test lazy::tests::signer_requirement_maps_to_the_runtime_error ... ok
test memory::tests::fill_and_compare_bytes ... ok
test memory::tests::move_within_allows_overlap ... ok
test migrate::tests::find_edge_errs_on_missing_epoch ... ok
test migrate::tests::find_edge_rejects_non_forward_edge ... ok
test migrate::tests::find_edge_returns_matching_edge ... ok
test migrate::tests::migration_edge_is_forward_detects_non_monotonic ... ok
test migrate::tests::overshoot::foreign_owned_account_is_refused_before_any_edge_runs ... ok
test migrate::tests::overshoot::overshooting_edge_is_refused_before_writing ... ok
test migrate::tests::typed_layout_migration::cross_kind_migration_is_refused ... ok
test migrate::tests::typed_layout_migration::foreign_owned_account_is_refused_before_the_transform_runs ... ok
test migrate::tests::typed_layout_migration::larger_new_shape_requires_realloc_first ... ok
test migrate::tests::typed_layout_migration::epoch_migration_header_predicate_accepts_lag_refuses_lead ... ok
test migrate::tests::typed_layout_migration::migrate_chain_heals_from_any_starting_version ... ok
test migrate::tests::typed_layout_migration::migrated_account_refuses_a_second_migration ... ok
test migrate::tests::typed_layout_migration::migrate_chain_with_payer_grows_once_to_the_largest_hop ... ok
test migrate::tests::typed_layout_migration::non_forward_version_is_refused ... ok
test migrate::tests::typed_layout_migration::non_writable_account_is_refused_before_the_transform_runs ... ok
test migrate::tests::typed_layout_migration::resizing_migration_grows_and_tops_up_exactly_the_deficit ... ok
test migrate::tests::typed_layout_migration::resizing_migration_needs_no_payer_when_already_funded ... ok
test migrate::tests::typed_layout_migration::shrink_is_opt_in_and_off_by_default_in_the_macro ... ok
test migrate::tests::typed_layout_migration::shrink_refunds_only_the_rent_delta_and_never_touches_deposits ... ok
test migrate::tests::typed_layout_migration::transform_error_leaves_the_header_on_the_old_layout ... ok
test migrate::tests::typed_layout_migration::typed_migration_restamps_header_and_transforms_body ... ok
test option_byte::tests::malformed_tag_rejects ... ok
test option_byte::tests::layout_is_c_with_value_at_align_of_t ... ok
test option_byte::tests::option_byte_over_a_pod_payload_is_pod ... ok
test option_byte::tests::none_reads_as_none ... ok
test option_byte::tests::some_reads_back ... ok
test option_byte::tests::zero_tag_ignores_value_payload ... ok
test pda::seeded_address_tests::create_with_seed_refuses_what_the_runtime_refuses ... ok
test pda::tests::const_program_address_matches_devnet_created_pdas ... ok
test pda::seeded_address_tests::create_with_seed_matches_the_canonical_derivation ... ok
test pda_host_tests::a_const_pda_is_the_address_the_cluster_derives ... ok
test pod::tests::address_satisfies_pod ... ok
test pda::seeded_address_tests::fallible_search_matches_sdk_and_rejects_invalid_seed_shapes ... ok
test pda_host_tests::seed_limits_are_the_runtime_limits ... ok
test policy::tests::default_policy_is_strict ... ok
test policy::tests::instruction_inherit_zeroes_every_lever ... ok
test pod::tests::primitives_are_pod ... ok
test policy::tests::named_modes_differ_on_every_lever ... ok
test ref_only::tests::hopper_guards_satisfy_the_bound ... ok
test policy::tests::program_profiles_are_stable ... ok
test policy::tests::instruction_ctx_args_round_trips ... ok
test remaining::tests::typed_remaining_parses_external_signer_and_raw_slots ... ok
test remaining::tests::typed_remaining_supports_groups_and_lazy_external_access ... ok
test rent::tests::host_live_minimum_uses_the_documented_snapshot ... ok
test remaining::tests::error_variants_surface_as_program_error ... ok
test remaining::tests::max_remaining_matches_quasar ... ok
test rent::tests::minimum_balance_scales_linearly ... ok
test remaining::tests::typed_remaining_duplicate_and_sort_assertions_are_explicit ... ok
test rent::tests::minimum_balance_matches_launch_snapshot ... ok
test rent::tests::minimum_balance_on_typical_vault_state ... ok
test return_data::tests::copy_to_copies_only_the_prefix ... ok
test return_data::tests::data_exposes_exactly_the_written_prefix ... ok
test return_data::tests::read_pod_never_reads_past_the_prefix ... ok
test return_data::tests::is_truncated_reflects_runtime_reported_length ... ok
test return_data::tests::offchain_get_return_data_is_none ... ok
test return_data::tests::debug_prints_only_the_initialized_prefix ... ok
test segment::tests::contained_in_reports_proper_nesting ... ok
test return_data::tests::try_set_return_data_rejects_oversized_payload ... ok
test segment::tests::body_adds_header ... ok
test segment::tests::end_arithmetic_does_not_wrap_at_u32_max ... ok
test return_data::tests::return_data_reads_pod_by_value ... ok
test segment::tests::overlaps_detects_shared_bytes ... ok
test segment::tests::typed_segment_is_zero_sized ... ok
test segment::tests::typed_segment_lowers_to_runtime_segment ... ok
test segment::tests::typed_segment_offset_and_size_fold ... ok
test segment_borrow::tests::capacity_limit ... ok
test segment_borrow::tests::adjacent_ranges_no_conflict ... ok
test segment_borrow::tests::different_accounts_always_allowed ... ok
test segment_borrow::tests::guard_auto_releases_read_on_drop ... ok
test segment_borrow::tests::guard_auto_releases_write_on_drop ... ok
test segment_borrow::tests::guard_accessors ... ok
test segment_borrow::tests::partially_overlapping_rejected ... ok
test segment_borrow::tests::release_last_registered_falls_back_to_exact_release ... ok
test segment_borrow::tests::read_read_same_range_allowed ... ok
test segment_borrow::tests::guard_then_manual_register_ok ... ok
test segment_borrow::tests::non_overlapping_write_write_allowed ... ok
test segment_borrow::tests::read_write_same_range_rejected ... ok
test segment_borrow::tests::sequential_guards_reuse_slot ... ok
test segment_borrow::tests::release_then_reacquire ... ok
test segment_borrow::tests::write_read_same_range_rejected ... ok
test segment_borrow::tests::would_conflict_does_not_mutate ... ok
test segment_borrow::tests::write_write_same_range_rejected ... ok
test segment_borrow::touch_map_tests::bare_account_view_load_mut_records_ambiently ... ok
test segment_borrow::touch_map_tests::initial_touch_log_is_all_zero_bytes ... ok
test segment_borrow::touch_map_tests::columnar_contiguous_writes_coalesce_instead_of_overflowing ... ok
test segment_borrow::touch_map_tests::pressure_absorbs_contained_reads_but_never_widens_a_write ... ok
test segment_borrow::touch_map_tests::merge_exact_rules_are_exact_union_only ... ok
test segment_borrow::touch_map_tests::pressure_compaction_reclaims_slots_from_mergeable_neighbors ... ok
test segment_borrow::touch_map_tests::pressure_upgrades_contained_read_to_the_covering_write ... ok
test segment_borrow::touch_map_tests::touch_log_flags_overflow_and_stays_partial_not_wrong ... ok
test segment_borrow::touch_map_tests::touch_log_survives_release_and_dedups ... ok
test segment_borrow::touch_map_tests::touch_map_decoder_rejects_wrong_magic_version_and_length ... ok
test segment_borrow::touch_map_tests::touch_map_encoder_never_lies_about_record_count ... ok
test segment_borrow::touch_map_tests::touch_map_encoder_round_trips_including_flags ... ok
test segment_borrow::touch_map_tests::touch_map_encoder_skips_unrepresentable_offsets_honestly ... ok
test segment_borrow::touch_map_tests::whole_account_touch_recorded_without_live_ledger_entry ... ok
test syscalls::tests::raw_hash_host_stubs_do_not_produce_digests ... ok
test system::tests::assign_encoder_matches_pre_refactor_golden_bytes ... ok
test system::tests::authorize_nonce_account_encoder_matches_pre_refactor_golden_bytes ... ok
test system::tests::allocate_encoder_matches_pre_refactor_golden_bytes ... ok
test system::tests::advance_nonce_account_encoder_matches_pre_refactor_golden_bytes ... ok
test system::tests::create_account_encoder_matches_pre_refactor_golden_bytes ... ok
test system::tests::transfer_encoder_matches_pre_refactor_golden_bytes ... ok
test system::tests::withdraw_nonce_account_encoder_matches_pre_refactor_golden_bytes ... ok
test system::tests::upgrade_nonce_account_encoder_matches_pre_refactor_golden_bytes ... ok
test system::tests::initialize_nonce_account_encoder_matches_pre_refactor_golden_bytes ... ok
test tail::tests::bounded_string_capacity_helpers ... ok
test tail::tests::bool_encode_decode ... ok
test tail::tests::bounded_vec_roundtrip ... ok
test tail::tests::bool_rejects_garbage ... ok
test tail::tests::bounded_string_roundtrip ... ok
test tail::tests::bounded_vec_set_helpers_preserve_order ... ok
test tail::tests::byte_array_roundtrip ... ok
test tail::tests::max_encoded_len_matches_actual_encode_size ... ok
test tail::tests::option_some_includes_inner_payload ... ok
test tail::tests::option_rejects_invalid_tag ... ok
test tail::tests::option_none_encodes_to_one_byte ... ok
test tail::tests::replace_tail_field_moves_only_the_suffix ... ok
test tail::tests::seq_element_stride_matches_encoded_len ... ok
test tail::tests::seq_capacity_is_region_derived ... ok
test tail::tests::seq_from_region_rejects_corrupt_count_and_tiny_region ... ok
test tail::tests::seq_of_addresses_roundtrips ... ok
test tail::tests::seq_push_at_capacity_is_account_data_too_small ... ok
test tail::tests::seq_push_get_iter_roundtrip ... ok
test tail::tests::tail_decode_rejects_excess_payload ... ok
test tail::tests::seq_swap_remove_moves_last_into_hole ... ok
test tail::tests::tail_bounds_check_on_short_buffer ... ok
test tail::tests::tail_length_prefix_roundtrip ... ok
test tail::tests::u32_roundtrip ... ok
test tail::tests::vec_field_extent_walks_items_without_decoding_the_vector ... ok
test token::tests::approve_checked_wire_format_is_stable ... ok
test tail::tests::u64_roundtrip ... ok
test token::tests::burn_checked_wire_format_is_stable ... ok
test token::tests::authority_and_initialize_encodings_match_spl_token_wire_format ... ok
test token::tests::checked_encoding_preserves_amount_bits ... ok
test token::tests::checked_encoding_round_trips_decimals_range ... ok
test token::tests::require_mint_authority_rejects_mismatched ... ok
test token::tests::require_mint_authority_accepts_matching ... ok
test token::tests::mint_to_checked_wire_format_is_stable ... ok
test token::tests::require_mint_decimals_rejects_mismatch ... ok
test token::tests::require_mint_decimals_matches ... ok
test token::tests::require_mint_freeze_authority_rejects_none_tag ... ok
test token::tests::require_token_authority_accepts_matching_owner ... ok
test token::tests::require_token_authority_rejects_mismatched_owner ... ok
test token::tests::require_token_authority_rejects_short_buffer ... ok
test token::tests::require_token_mint_accepts_matching_mint ... ok
test token::tests::require_token_mint_rejects_mismatched_mint ... ok
test token::tests::require_token_owner_eq_matches ... ok
test token::tests::require_token_owner_eq_rejects_mismatch ... ok
test token::tests::shipped_encoders_match_pre_refactor_golden_bytes ... ok
test token::tests::spl_external_mint_view_and_decimals_proof ... ok
test token::tests::transfer_checked_discriminator_is_12 ... ok
test token::tests::transfer_checked_wire_format_is_stable ... ok
test token::tests::spl_external_token_account_view_proofs_and_amount_delta ... ok
test token_2022_ext::tests::allowlist_rejects_unknown_duplicate_and_truncated_entries ... ok
test token_2022_ext::tests::extension_policy_requires_and_forbids_extensions ... ok
test token_2022_ext::tests::find_extension_bails_on_malformed_length ... ok
test token_2022_ext::tests::find_extension_finds_second_entry ... ok
test segment_borrow::proptests::distinct_accounts_never_conflict ... ok
test token_2022_ext::tests::find_extension_returns_none_when_absent ... ok
test token_2022_ext::tests::find_extension_returns_payload_slice ... ok
test token_2022_ext::tests::mint_tlv_region_accepts_zero_kind_byte ... ok
test token_2022_ext::tests::mint_tlv_region_rejects_short_account ... ok
test token_2022_ext::tests::offset_constants_match_authoritative_spec ... ok
test token_2022_ext::tests::mint_tlv_region_rejects_wrong_account_kind ... ok
test token_2022_ext::tests::real_layout_mint_padding_is_not_treated_as_tlv ... ok
test token_2022_ext::tests::real_layout_mint_tlv_region_starts_at_166 ... ok
test token_2022_ext::tests::tlv_regions_reject_multisig_collision_and_dirty_mint_padding ... ok
test token_2022_ext::tests::token_account_policy_sees_cpi_guard_and_confidential_account ... ok
test token_2022_ext::tests::token_account_tlv_region_accepts_zero_kind_byte ... ok
test token_2022_ext::tests::token_account_tlv_region_rejects_mint_kind ... ok
test token_2022_ext::tests::token_account_tlv_region_returns_real_tlv ... ok
test token_2022_ix::tests::fixed_encoders_match_the_token_2022_wire_format ... ok
test token_admin::tests::admin_encoders_match_the_token_wire_format ... ok
test token_2022_ix::tests::optional_address_encoders_distinguish_coption_from_nullable ... ok
test token_2022_ix::tests::scaled_ui_amount_multiplier_is_validated_on_bits ... ok
test token_admin::tests::multisig_shape_is_checked_before_the_cpi ... ok
test token_batch::tests::a_batch_lays_out_headers_data_and_accounts_in_push_order ... ok
test token_batch::tests::a_batch_refuses_a_self_transfer_but_reuses_accounts_between_instructions ... ok
test token_batch::tests::a_multisig_push_appends_the_signers_after_the_fixed_accounts ... ok
test token_batch::tests::a_push_that_overflows_leaves_the_batch_unchanged ... ok
test token_batch::tests::custom_instruction_failure_rolls_back_all_emitted_instructions ... ok
test token_batch::tests::writable_trailing_alias_is_refused_even_for_distinct_views ... ok
test token_confidential_ix::tests::a_negative_offset_is_its_twos_complement_byte ... ok
test token_confidential_ix::tests::a_present_zero_key_is_refused_and_an_absent_one_is_zero ... ok
test token_confidential_ix::tests::fixed_layouts_have_the_interface_sizes ... ok
test segment_borrow::proptests::write_borrows_match_disjointness_oracle ... ok
test token_differential_tests::interfaces::a_proof_by_offset_without_the_sysvar_account_is_refused ... ok
test token_differential_tests::administrative_builders_match_the_canonical_constructors ... ok
test token_differential_tests::interfaces::group_builders_match_the_canonical_constructors ... ok
test token_differential_tests::interfaces::metadata_builders_match_the_canonical_constructors ... ok
test token_differential_tests::interfaces::confidential_mint_and_plain_account_builders_match ... ok
test token_differential_tests::token_program_owning_selects_the_program_and_refuses_others ... ok
test token_differential_tests::mint_plan_extensions_match_canonical_sizes_and_bytes ... ok
test token_differential_tests::extension_builders_match_the_canonical_constructors ... ok
test token_differential_tests::shared_builders_match_the_canonical_constructors_on_both_programs ... ok
test token_metadata_ix::tests::fields_options_and_authorities_encode_as_borsh ... ok
test pda_host_tests::curve_membership_matches_at_the_edges_of_the_field ... ok
test token_metadata_ix::tests::strings_are_length_prefixed_and_bounded ... ok
test unsafe_site_tests::an_address_is_the_same_bytes_on_both_sides_of_the_boundary ... ok
test token_metadata_ix::tests::discriminators_are_the_hash_prefixes_of_the_interface_inputs ... ok
test unsafe_site_tests::a_token_cpi_lists_fixed_accounts_first_and_trailing_runs_in_order ... ok
test unsafe_site_tests::syscall_only_operations_fail_on_the_host_instead_of_inventing_a_result ... ok
test unsafe_site_tests::instruction_data_is_read_by_value_at_any_offset ... ok
test segment_borrow::proptests::read_borrows_never_conflict ... ok
test unsafe_site_tests::the_sibling_instruction_syscall_reports_failure_on_the_host ... ok
test unsafe_site_tests::the_lazy_parser_checks_the_owner_it_was_given ... ok
test unsafe_site_tests::the_owner_reference_reads_the_header_in_place ... ok
test unsafe_site_tests::a_token_cpi_refuses_more_accounts_than_its_buffers_hold ... ok
test utils::hint::tests::likely_returns_its_condition ... ok
test utils::hint::tests::unlikely_returns_its_condition ... ok
test write_policy::gate_store_layout_tests::zeroed_sbf_state_has_no_evaluator ... ok
test write_policy::tests::containment_survives_u32_boundary_arithmetic ... ok
test write_policy::tests::data_only_policy_governs_data_but_passes_the_lamport_dimension ... ok
test write_policy::gate_store_layout_tests::issued_counter_hands_out_nonzero_monotonic_tokens ... ok
test write_policy::tests::containment_oracle_resolves_parametric_cells_and_static_unions ... ok
test write_policy::tests::declared_lamport_dimension_permits_only_members ... ok
test write_policy::gate_store_layout_tests::initial_gate_store_is_all_zero_bytes ... ok
test write_policy::tests::depth_exhaustion_fails_closed_loudly ... ok
test write_policy::tests::declared_ranges_allow_exact_and_contained_writes ... ok
test write_policy::tests::empty_policy_denies_all_writes ... ok
test write_policy::tests::forgotten_guard_leaves_stale_value_policy_never_ub ... ok
test write_policy::tests::fallback_tier_second_install_is_refused_fail_closed ... ok
test write_policy::tests::duplicate_addresses_share_one_merged_permission ... ok
test write_policy::tests::gate_delegation_requires_both_dimensions ... ok
test write_policy::tests::gate_refuses_undeclared_and_allows_declared_lamport_mutation ... ok
test write_policy::tests::mutation_complete_policy_still_governs_delegation ... ok
test write_policy::tests::nested_gates_shadow_and_resume_like_a_stack ... ok
test write_policy::tests::open_ended_tail_range_allows_tail_refuses_head_and_is_not_whole_account ... ok
test write_policy::tests::out_of_order_guard_drops_cannot_corrupt_other_gates ... ok
test write_policy::tests::install_fails_closed_when_accounts_exceed_capacity ... ok
test write_policy::tests::parametric_column_allows_only_the_selected_cell ... ok
test write_policy::tests::public_raw_surfaces_are_governed_by_the_ambient_gate ... ok
test write_policy::tests::sbf_dispatch_preserves_byte_ranges_and_data_only_lamport_passthrough ... ok
test write_policy::tests::undeclared_lamport_dimension_permits_everything_and_is_incomplete ... ok
test write_policy::tests::undeclared_ranges_are_refused_with_indexed_error ... ok
test write_policy::tests::whole_account_allowance_contains_any_request ... ok
test write_policy::tests::sbf_dispatch_preserves_nested_and_failed_install_enforcement ... ok
test write_policy::tests::whole_account_grant_is_required_for_delegation ... ok
test zerocopy::tests::primitives_are_zero_copy_and_wire ... ok
test zerocopy::tests::address_is_zero_copy ... ok
test token_differential_tests::interfaces::proof_carrying_builders_match_for_every_mix_of_locations ... ok
test unsafe_site_tests::the_edwards_check_runs_on_the_host ... ok
test pda_host_tests::a_bump_the_runtime_skips_is_skipped_here ... ok
test pda_host_tests::curve_membership_matches_the_canonical_decision ... ok
test pda_host_tests::find_and_create_match_the_canonical_derivation ... ok

test result: ok. 403 passed; 0 failed; 0 ignored; 0 measured; 0 filtered out; finished in 0.30s

     Running tests\competitor_bug_classes.rs (target/borrowed-slices-host-check\debug\deps\competitor_bug_classes-65da01d61d6331b6.exe)

running 12 tests
test a_live_segment_borrow_blocks_the_access_a_stale_view_would_need ... ok
test anchor_4616_shared_read_alias_during_live_mutable_borrow_is_refused ... ok
test remaining_advertised_length_is_true_length_at_zero_and_nonzero ... ok
test failed_migration_edge_never_advances_the_schema_epoch ... ok
test migration_edge_that_grows_the_layout_leaves_no_stale_bytes ... ok
test anchor_5043_cpi_metas_are_validated_against_the_views_that_back_them ... ok
test overlapping_mutable_segment_borrows_on_one_account_are_rejected ... ok
test duplicate_accounts_in_an_instruction_slice_are_rejected ... ok
test typed_and_lazy_parsers_report_and_enforce_true_capacity ... ok
test strict_writes_rejects_writes_outside_the_declared_byte_range_set ... ok
test typed_remaining_sets_parse_exactly_what_they_advertise ... ok
test remaining_cap_is_exact_and_loud_at_the_64_boundary ... ok

test result: ok. 12 passed; 0 failed; 0 ignored; 0 measured; 0 filtered out; finished in 0.00s

     Running tests\unsafe_region.rs (target/borrowed-slices-host-check\debug\deps\unsafe_region-4b5ef87cf81418d8.exe)

running 1 test
test a_labelled_unsafe_region_evaluates_to_its_body ... ok

test result: ok. 1 passed; 0 failed; 0 ignored; 0 measured; 0 filtered out; finished in 0.00s

     Running unittests src\lib.rs (target/borrowed-slices-host-check\debug\deps\hopper_runtime_gate_fixture-ad17ad648b0fc157.exe)

running 0 tests

test result: ok. 0 passed; 0 failed; 0 ignored; 0 measured; 0 filtered out; finished in 0.00s

     Running unittests src\lib.rs (target/borrowed-slices-host-check\debug\deps\hopper_runtime_lab-738ad10dc9947d4c.exe)

running 0 tests

test result: ok. 0 passed; 0 failed; 0 ignored; 0 measured; 0 filtered out; finished in 0.00s

     Running tests\lab.rs (target/borrowed-slices-host-check\debug\deps\lab-952b6f5de313b563.exe)

running 7 tests
test a_panic_is_silent_by_default ... ok
test the_default_heap_holds_what_is_above_the_scratch ... ok
test a_checkpoint_lets_a_loop_reuse_the_heap ... ok
test a_reporting_build_says_what_and_where ... ok
test a_requested_heap_frame_is_usable ... ok
test a_vector_that_grows_costs_its_final_size ... ok
test slot_hashes_are_found_with_the_reads_the_design_promises ... ok

test result: ok. 7 passed; 0 failed; 0 ignored; 0 measured; 0 filtered out; finished in 0.40s

     Running unittests src\lib.rs (target/borrowed-slices-host-check\debug\deps\hopper_runtime_lifecycle_fixture-a3c562e85d1e4259.exe)

running 0 tests

test result: ok. 0 passed; 0 failed; 0 ignored; 0 measured; 0 filtered out; finished in 0.00s

     Running unittests src\lib.rs (target/borrowed-slices-host-check\debug\deps\hopper_schema-246fa84d87dee0fe.exe)

running 205 tests
test accounts::tests::context_descriptor_counts ... ok
test accounts::tests::account_descriptor_display ... ok
test accounts::tests::close_account_descriptor_roundtrips ... ok
test accounts::tests::normalize_lifecycle_maps_init_if_needed_aliases ... ok
test anchor_idl::tests::constants_use_current_idl_types ... ok
test anchor_idl::tests::ambiguous_account_prefixes_are_rejected_and_not_advertised ... ok
test anchor_idl::tests::duplicate_event_tags_are_rejected_and_omitted ... ok
test accounts::tests::init_account_descriptor_carries_lifecycle_metadata ... ok
test accounts::tests::context_descriptor_find ... ok
test accounts::tests::normalize_lifecycle_preserves_existing_variants ... ok
test accounts::tests::context_descriptor_without_strict_writes_omits_range_section ... ok
test accounts::tests::optional_account_display ... ok
test anchor_idl::tests::account_prefix_and_symbolic_layout_arrays_match_hopper_wire_bytes ... ok
test anchor_idl::tests::bounded_args_are_omitted_while_fixed_symbolic_arrays_resolve_exactly ... ok
test accounts::tests::context_descriptor_display ... ok
test accounts::tests::lifecycle_as_str_roundtrips_all_variants ... ok
test anchor_idl::tests::current_idl_uses_current_names_types_and_custom_wire_discriminators ... ok
test anchor_idl::tests::empty_idl_matches_current_top_level_shape_exactly ... ok
test anchor_idl::tests::idl_rejects_duplicate_instruction_tags ... ok
test anchor_idl::tests::manifest_does_not_invent_an_account_seed_for_a_symbolic_constant ... ok
test anchor_idl::tests::idl_rejects_and_marks_an_unresolved_pda_seed ... ok
test anchor_idl::tests::manifest_dynamic_tail_is_rejected_as_lossy_solana_idl ... ok
test anchor_idl::tests::manifest_pda_seed_projection_requires_byte_equivalent_spellings ... ok
test anchor_idl::tests::manifest_emits_the_exact_multi_byte_instruction_prefix ... ok
test anchor_idl::tests::manifest_rejects_equal_or_prefix_overlapping_effective_instruction_discriminators ... ok
test anchor_idl::tests::manifest_rejects_an_unresolved_expected_address ... ok
test anchor_idl::tests::manifest_remaining_account_contract_is_rejected_and_omitted ... ok
test c_client::tests::c_compact_dynamic_decoder_uses_minimum_size ... ok
test c_client::tests::c_client_emits_layout_assertion_and_decoder ... ok
test c_client::tests::c_client_emits_instruction_and_event_builders ... ok
test c_client::tests::c_compact_decoder_validates_exact_size_and_discriminator ... ok
test c_client::tests::c_client_documents_pda_seed_plan ... ok
test clientgen::tests::escaped_literal_seeds_stay_caller_provided ... ok
test clientgen::tests::kt_accounts_emits_layout_id_constants_and_assertion_helpers ... ok
test clientgen::tests::kt_accounts_generates_data_class ... ok
test clientgen::tests::kt_accounts_generates_decoder ... ok
test clientgen::tests::kt_accounts_generates_discriminator ... ok
test clientgen::tests::kt_accounts_mark_dynamic_compact_size_as_minimum ... ok
test clientgen::tests::kt_events_generates_decoder ... ok
test clientgen::tests::kt_accounts_uses_manifest_fingerprint_for_compact_layouts ... ok
test clientgen::tests::kt_full_client_gen_has_all_sections ... ok
test clientgen::tests::kt_instructions_account_meta ... ok
test clientgen::tests::kt_instructions_auto_derives_pda_accounts ... ok
test clientgen::tests::kt_instructions_generates_builder ... ok
test clientgen::tests::kt_types_generates_header ... ok
test clientgen::tests::ts_accounts_emits_layout_id_constants_and_assertion_helpers ... ok
test clientgen::tests::ts_accounts_generates_decoder ... ok
test clientgen::tests::ts_accounts_generates_discriminator ... ok
test clientgen::tests::ts_accounts_generates_interface ... ok
test clientgen::tests::ts_accounts_mark_dynamic_compact_size_as_minimum ... ok
test clientgen::tests::ts_assert_layout_id_handles_short_buffer_check ... ok
test clientgen::tests::ts_accounts_uses_manifest_fingerprint_for_compact_layouts ... ok
test clientgen::tests::ts_bounded_vector_and_remaining_accounts_are_encoded_exactly ... ok
test clientgen::tests::ts_cu_estimate_generates_budget_companion ... ok
test clientgen::tests::ts_data_size_calculation ... ok
test clientgen::tests::ts_decode_header_and_assert_layout_id_share_offset ... ok
test clientgen::tests::ts_events_emits_touch_map_decoder ... ok
test clientgen::tests::ts_events_generates_decoder ... ok
test clientgen::tests::ts_index_reexports_all ... ok
test clientgen::tests::ts_instructions_account_meta ... ok
test clientgen::tests::ts_full_client_gen_has_all_sections ... ok
test clientgen::tests::ts_instructions_auto_derives_pda_accounts ... ok
test clientgen::tests::ts_instructions_generates_builder ... ok
test clientgen::tests::ts_non_strict_instruction_keeps_declared_writable ... ok
test clientgen::tests::ts_strict_writes_preserves_declared_writability ... ok
test clientgen::tests::ts_touch_map_decoder_is_emitted_even_without_events ... ok
test clientgen::tests::ts_types_generates_header ... ok
test clientgen::tests::ts_unknown_cu_estimate_emits_no_budget_code ... ok
test codama::tests::codama_from_manifest_projection ... ok
test codama::tests::codama_json_empty ... ok
test codama::tests::codama_json_with_account ... ok
test codama::tests::codama_json_with_instruction ... ok
test codama::tests::cu_budget_with_margin_pads_and_clamps ... ok
test codama::tests::decode_guard_fails_closed_on_mismatch ... ok
test codama::tests::descriptor_metadata_json_carries_fail_closed_fields ... ok
test codama::tests::descriptor_metadata_json_headered_and_dynamic_tail ... ok
test codama::tests::descriptor_metadata_set_json_empty ... ok
test codama::tests::descriptor_metadata_set_json_sums_budgets ... ok
test codama::tests::effective_writable_demotes_exactly_the_untouched_account_when_complete ... ok
test codama::tests::effective_writable_passes_through_unless_mutation_complete ... ok
test codama::tests::idl_json_empty ... ok
test codama::tests::idl_from_manifest_projection ... ok
test codama::tests::json_str_escapes_special_chars ... ok
test codama::tests::manifest_emits_cu_estimate_when_published ... ok
test codama::tests::manifest_emits_strict_write_ranges_byte_matching_source ... ok
test codama::tests::manifest_emits_mutation_complete_and_lamport_accounts_only_when_true ... ok
test codama::tests::manifest_json_empty ... ok
test codama::tests::manifest_json_with_policy ... ok
test codama::tests::manifest_non_strict_instruction_emits_empty_write_ranges ... ok
test codama::tests::strict_with_empty_ranges_demotes_nothing_unless_complete ... ok
test codama::tests::manifest_omits_cu_estimate_when_unknown ... ok
test go_client::tests::go_client_documents_pda_seed_plan ... ok
test go_client::tests::go_client_emits_instruction_and_event_builders ... ok
test go_client::tests::go_client_emits_layout_assertion_and_decoder ... ok
test go_client::tests::go_compact_decoder_validates_exact_size_and_discriminator ... ok
test go_client::tests::go_compact_dynamic_decoder_uses_minimum_size ... ok
test python_client::tests::accounts_mentions_layout_id_and_fields ... ok
test python_client::tests::compact_accounts_validate_exact_size_and_discriminator ... ok
test python_client::tests::events_decoder_table_present ... ok
test python_client::tests::compact_dynamic_accounts_accept_bytes_beyond_minimum_size ... ok
test python_client::tests::instructions_document_pda_seed_plan ... ok
test python_client::tests::flat_python_bundle_has_no_mid_file_future_imports_or_dataclass_constants ... ok
test python_client::tests::instructions_pack_tag_byte ... ok
test python_client::tests::types_header_matches_runtime_offsets ... ok
test release_binding::tests::non_executable_release_metadata_is_not_in_the_commitment ... ok
test release_binding::tests::record_has_versioned_header_and_exact_commitment ... ok
test release_binding::tests::version_one_commitment_encoding_is_stable ... ok
test release_binding::tests::executable_interface_changes_change_the_commitment ... ok
test rust_client::tests::rs_client_decode_calls_layout_assertion_first ... ok
test rust_client::tests::rs_client_emits_event_decoder_with_payload_relative_offsets ... ok
test rust_client::tests::rs_client_emits_args_struct_and_accounts_struct ... ok
test rust_client::tests::rs_client_emits_instruction_builder_with_disc_prefix ... ok
test rust_client::tests::rs_client_emits_instruction_data_codec ... ok
test rust_client::tests::rs_client_emits_layout_assertion_helper ... ok
test rust_client::tests::rs_client_emits_layout_id_constant_with_bytes ... ok
test rust_client::tests::rs_client_emits_per_field_offset_and_size_consts ... ok
test rust_client::tests::rs_client_maps_wire_scalars_and_unknown_types_to_compilable_types ... ok
test rust_client::tests::rs_client_emits_typed_account_struct ... ok
test rust_client::tests::rs_client_uses_solana_sdk_types ... ok
test rust_client::tests::rs_client_rejects_truncated_header ... ok
test rust_client::tests::rs_compact_dynamic_decoder_uses_minimum_size ... ok
test rust_client::tests::rs_compact_decoder_validates_exact_size_and_discriminator ... ok
test rust_client::tests::rs_cu_estimate_generates_budget_companion ... ok
test rust_client::tests::rs_non_strict_instruction_keeps_declared_writable ... ok
test rust_client::tests::rs_strict_writes_preserves_declared_writability ... ok
test rust_client::tests::rs_instructions_auto_derives_pda_accounts ... ok
test tests::a_complete_claim_without_enforcement_demotes_nothing ... ok
test tests::account_entry_is_pda_tracks_seeds ... ok
test rust_client::tests::rs_unknown_cu_estimate_emits_no_budget_code ... ok
test tests::append_only_migration ... ok
test tests::breaking_change_detected ... ok
test tests::classify_seed_recognizes_literals_accounts_and_args ... ok
test tests::compare_fields_all_removed ... ok
test tests::compare_fields_identical_empty ... ok
test tests::compare_fields_type_change_detected ... ok
test tests::compatibility_explain_append_counts_fields ... ok
test tests::compatibility_explain_between_identical ... ok
test tests::contention_profile_counts_locks_and_demotions ... ok
test tests::contention_profile_never_demotes_without_a_complete_write_set ... ok
test tests::contention_reference_limits_match_mainnet_after_simd_0525 ... ok
test tests::context_resolvers_and_effects_are_derived_from_manifest_metadata ... ok
test tests::decode_account_fields_basic ... ok
test tests::decode_header_empty_buffer ... ok
test tests::decode_header_exact_sixteen ... ok
test tests::decode_header_fifteen_bytes ... ok
test tests::decode_header_large_buffer ... ok
test tests::decode_header_one_byte ... ok
test tests::decode_segments_too_short ... ok
test tests::decode_segments_zero_count ... ok
test tests::decoded_field_format_address ... ok
test tests::decoded_field_format_bool ... ok
test tests::decoded_field_format_wire_u32 ... ok
test tests::decoded_field_format_wire_u64 ... ok
test tests::display_compatibility_verdict ... ok
test tests::display_field_intent ... ok
test tests::display_idl_segment_descriptor ... ok
test tests::display_layout_fingerprint ... ok
test tests::display_layout_stability_grade ... ok
test tests::display_mutation_class ... ok
test tests::display_receipt_profile ... ok
test tests::field_intent_new_variants_coverage ... ok
test tests::format_hex_truncated_long ... ok
test tests::format_hex_truncated_short ... ok
test tests::format_u64_basic ... ok
test tests::incompatible_different_disc ... ok
test tests::layout_fingerprint_deterministic ... ok
test tests::layout_fingerprint_differs_on_intent_change ... ok
test tests::layout_stability_grade_evolving_with_custom ... ok
test tests::layout_stability_grade_stable_with_init_only ... ok
test tests::layout_stability_grade_unsafe_to_evolve_heavy ... ok
test tests::lint_layout_authority_without_signer ... ok
test tests::lint_layout_clean_passes ... ok
test tests::lint_policy_clean_when_aligned ... ok
test tests::lint_policy_financial_mismatch ... ok
test tests::lint_policy_reverse_mismatch ... ok
test tests::loaded_data_cost_rounds_up_to_whole_pages ... ok
test tests::mutation_class_properties ... ok
test tests::no_op_for_identical ... ok
test tests::profile_counts_match_the_per_account_demotion_rule ... ok
test tests::program_manifest_display ... ok
test tests::program_manifest_empty ... ok
test tests::program_manifest_find_instruction ... ok
test tests::program_manifest_find_layout_by_disc ... ok
test tests::program_manifest_find_layout_by_id ... ok
test tests::program_manifest_find_policy ... ok
test tests::program_manifest_identify_from_data ... ok
test tests::published_ceilings_track_the_observed_mainnet_regime ... ok
test tests::refine_verdict_escalates_with_immutable_segment ... ok
test tests::refine_verdict_softens_with_rebuildable_segments ... ok
test tests::segment_advice_audit_immutable ... ok
test tests::segment_advice_cache_rebuildable ... ok
test tests::segment_advice_core_must_preserve ... ok
test tests::segment_advice_journal_clearable ... ok
test tests::segment_advice_mixed_report ... ok
test tests::segment_role_hint_is_safe_to_drop ... ok
test tests::segment_role_hint_requires_migration_copy ... ok
test tests::slot_regime_cost_limits_match_agave ... ok
test tests::verdict_append_safe ... ok
test tests::verdict_different_disc_is_incompatible ... ok
test tests::verdict_identical ... ok
test tests::verdict_incompatible ... ok
test tests::verdict_migration_required ... ok
test tests::verdict_names ... ok
test tests::verdict_same_id_is_identical ... ok
test tests::verdict_wire_compatible ... ok

test result: ok. 205 passed; 0 failed; 0 ignored; 0 measured; 0 filtered out; finished in 0.01s

     Running tests\compat_regression_tests.rs (target/borrowed-slices-host-check\debug\deps\compat_regression_tests-707d4f8945994f0a.exe)

running 28 tests
test append_only_is_backward_readable ... ok
test append_safe_addition_detected ... ok
test compare_empty_to_nonempty ... ok
test field_removal_requires_migration ... ok
test field_rename_detected_as_changed ... ok
test compat_impact_enum_roundtrip ... ok
test field_type_change_requires_migration ... ok
test compare_fields_const_n_truncation ... ok
test phase_enum_roundtrip ... ok
test append_safe_report_marks_added_field ... ok
test receipt_encode_decode_roundtrip ... ok
test compare_nonempty_to_empty ... ok
test receipt_field_mask_roundtrip ... ok
test receipt_no_mutation_fingerprint_unchanged ... ok
test field_change_is_not_backward_readable ... ok
test identical_manifests_are_not_append_compatible ... ok
test field_removal_detected_as_removed ... ok
test phase_name_coverage ... ok
test receipt_decode_too_short_returns_none ... ok
test compat_impact_name_coverage ... ok
test receipt_explain_summary_multi_segment ... ok
test receipt_explain_with_segment_roles ... ok
test field_type_change_detected_as_changed ... ok
test field_rename_not_append_compatible ... ok
test receipt_segment_mask_roundtrip ... ok
test compare_empty_to_empty ... ok
test receipt_resize_detected ... ok
test receipt_wire_format_reserved_byte_is_zero ... ok

test result: ok. 28 passed; 0 failed; 0 ignored; 0 measured; 0 filtered out; finished in 0.00s

     Running tests\core_compat_regression.rs (target/borrowed-slices-host-check\debug\deps\core_compat_regression-e620784b874f5b90.exe)

running 16 tests
test backward_readable_append_only ... ok
test backward_readable_false_when_field_type_changed ... ok
test backward_readable_false_fewer_fields_in_newer ... ok
test backward_readable_false_different_disc ... ok
test layout_fingerprint_different_for_different_field_order ... ok
test compare_fields_added ... ok
test migration_plan_backward_readable_populated ... ok
test compare_fields_changed ... ok
test compare_fields_identical ... ok
test backward_readable_identical ... ok
test layout_fingerprint_removal_breaks_append_safety ... ok
test migration_plan_append_only ... ok
test migration_plan_incompatible_different_disc ... ok
test migration_plan_noop_identical ... ok
test layout_fingerprint_append_only_detection ... ok
test migration_plan_requires_migration_on_field_change ... ok

test result: ok. 16 passed; 0 failed; 0 ignored; 0 measured; 0 filtered out; finished in 0.00s

     Running tests\schema_property_tests.rs (target/borrowed-slices-host-check\debug\deps\schema_property_tests-9b1e11ebdda346c6.exe)

running 3 tests
test prop_schema_append_compatible ... ok
test prop_schema_changed_type_requires_migration ... ok
test prop_schema_same_manifest_noop ... ok

test result: ok. 3 passed; 0 failed; 0 ignored; 0 measured; 0 filtered out; finished in 0.00s

     Running unittests src\lib.rs (target/borrowed-slices-host-check\debug\deps\hopper_sdk-d284fd7c3aa68156.exe)

running 20 tests
test builder::tests::rejects_mismatched_arg_size ... ok
test builder::tests::builds_a_valid_ix ... ok
test builder::tests::rejects_unknown_instruction ... ok
test reader::tests::binds_and_reads ... ok
test fingerprint::tests::too_short_returns_error ... ok
test reader::tests::rejects_wrong_layout_id ... ok
test fingerprint::tests::reports_mismatch_with_actual ... ok
test diff::tests::mask_detects_changed_field ... ok
test receipt::tests::decodes_invariant_failure ... ok
test receipt::tests::parses_valid_wire ... ok
test reader::tests::size_mismatch_detected ... ok
test receipt::tests::accepts_legacy_64_byte_receipt ... ok
test receipt::tests::changed_field_iter_enumerates_bits ... ok
test fingerprint::tests::matches_when_equal ... ok
test reader::tests::rejects_too_short ... ok
test receipt::tests::index_record_projects_filterable_receipt_fields ... ok
test diff::tests::fixed_size_diff_returns_deltas ... ok
test receipt::tests::rejects_short ... ok
test receipt::tests::changed_segment_iter_enumerates_bits ... ok
test receipt::tests::rejects_reserved_nonzero ... ok

test result: ok. 20 passed; 0 failed; 0 ignored; 0 measured; 0 filtered out; finished in 0.00s

     Running unittests src\lib.rs (target/borrowed-slices-host-check\debug\deps\hopper_sentinel-f1609bbf70653f5f.exe)

running 1 test
test __hopper_manifest_export::__hopper_print_manifest ... ok

test result: ok. 1 passed; 0 failed; 0 ignored; 0 measured; 0 filtered out; finished in 0.00s

     Running tests\flagship_host.rs (target/borrowed-slices-host-check\debug\deps\flagship_host-54da53ff6310ba46.exe)

running 8 tests
test collect_fees_context_demotes_the_over_declared_treasury ... ok
test flagship_honest_pause_succeeds_and_leaves_admin_untouched ... ok
test columnar_record_entry_writes_the_exact_cell_and_bumps_count_and_revision ... ok
test initialize_config_runs_the_real_init_lifecycle ... ok
test two_step_admin_transfer_promotes_the_pending_admin ... ok
test flagship_honest_pause_touch_map_records_exactly_paused_and_revision ... ok
test published_write_set_is_the_enforced_policy ... ok
test flagship_malicious_pause_is_refused_with_0xd001_and_admin_is_unchanged ... ok

test result: ok. 8 passed; 0 failed; 0 ignored; 0 measured; 0 filtered out; finished in 0.00s

     Running tests\grillo_e2e.rs (target/borrowed-slices-host-check\debug\deps\grillo_e2e-2158ecf1009bef6a.exe)

running 4 tests
test collect_fees_catches_an_unauthorized_treasury_lamport_drain ... ok
test corrupting_an_admin_byte_in_post_is_an_untracked_write ... ok
test a_forged_admin_write_record_is_an_unauthorized_acquisition ... ok
test honest_pause_verifies_as_pass_with_paused_and_revision_acquired_and_changed ... ok

test result: ok. 4 passed; 0 failed; 0 ignored; 0 measured; 0 filtered out; finished in 0.00s

     Running tests\refusal_sbf_e2e.rs (target/borrowed-slices-host-check\debug\deps\refusal_sbf_e2e-8baa3ea9f5e87476.exe)

running 2 tests
test malicious_pause_is_refused_on_chain_with_0xd001_and_admin_is_unchanged ... ok
test honest_pause_succeeds_on_chain_and_emits_the_declared_touch_map ... ok

test result: ok. 2 passed; 0 failed; 0 ignored; 0 measured; 0 filtered out; finished in 0.01s

     Running unittests src\lib.rs (target/borrowed-slices-host-check\debug\deps\hopper_showcase-92b1d4a86d59b987.exe)

running 0 tests

test result: ok. 0 passed; 0 failed; 0 ignored; 0 measured; 0 filtered out; finished in 0.00s

     Running unittests src\lib.rs (target/borrowed-slices-host-check\debug\deps\hopper_sibling_introspection_fixture-4f78438eafebae61.exe)

running 0 tests

test result: ok. 0 passed; 0 failed; 0 ignored; 0 measured; 0 filtered out; finished in 0.00s

     Running unittests src\lib.rs (target/borrowed-slices-host-check\debug\deps\hopper_smoke-c4ecd48cf703abcf.exe)

running 1 test
test __hopper_manifest_export::__hopper_print_manifest ... ok

test result: ok. 1 passed; 0 failed; 0 ignored; 0 measured; 0 filtered out; finished in 0.00s

     Running tests\event_cpi_sbf_e2e.rs (target/borrowed-slices-host-check\debug\deps\event_cpi_sbf_e2e-e7536da52c56352c.exe)

running 4 tests
test top_level_forgery_of_the_sink_is_refused_on_chain ... ok
test emit_receipt_succeeds_on_chain_and_the_self_cpi_carries_the_receipt ... ok
test the_receipt_rides_the_cpi_not_the_log_stream ... ok
test wrong_event_authority_address_fails_bind_on_chain ... ok

test result: ok. 4 passed; 0 failed; 0 ignored; 0 measured; 0 filtered out; finished in 0.01s

     Running tests\note_migration_sbf_e2e.rs (target/borrowed-slices-host-check\debug\deps\note_migration_sbf_e2e-8388a1707f328e3f.exe)

running 2 tests
test foreign_layout_in_the_note_slot_fails_bind ... ok
test v1_note_migrates_on_first_touch_and_stays_v2_after ... ok

test result: ok. 2 passed; 0 failed; 0 ignored; 0 measured; 0 filtered out; finished in 0.01s

     Running tests\touch_map_e2e.rs (target/borrowed-slices-host-check\debug\deps\touch_map_e2e-fde8c2f205139f76.exe)

running 3 tests
test err_withdraw_emits_no_touch_map ... ok
test wrapper_get_mut_write_lands_in_the_on_chain_touch_map ... ok
test ok_withdraw_emits_exactly_one_touch_map_matching_the_balance_write ... ok

test result: ok. 3 passed; 0 failed; 0 ignored; 0 measured; 0 filtered out; finished in 0.01s

     Running unittests src\lib.rs (target/borrowed-slices-host-check\debug\deps\hopper_solana-52e97c7d9fe08cbd.exe)

running 57 tests
test crypto::ed25519::tests::checks_single_signature_payload ... ok
test crypto::ed25519::tests::checks_selected_signature_payload ... ok
test crypto::ed25519::tests::rejects_cross_instruction_offsets ... ok
test crypto::secp256k1::tests::checks_single_inline_signature ... ok
test crypto::secp256k1::tests::checks_selected_inline_signature ... ok
test interface::tests::token_program_kind_from_owner_matches_known_programs ... ok
test crypto::secp256k1::tests::cross_instruction_variant_checks_referenced_payload ... ok
test crypto::ed25519::tests::rejects_signature_offset_out_of_bounds ... ok
test oracle::tests::freshness_check ... ok
test crypto::secp256k1::tests::rejects_cross_instruction_reference_by_default ... ok
test oracle::tests::read_ema_valid ... ok
test interface::tests::token_2022_extended_shapes_require_discriminator_and_zero_mint_padding ... ok
test oracle::tests::rejects_wrong_magic ... ok
test interface::tests::token_program_kind_from_owner_rejects_other_programs ... ok
test token2022_ext::tests::check_transfer_hook_program_accepts_match ... ok
test token2022_ext::tests::check_transfer_hook_program_rejects_mismatch ... ok
test token2022_ext::tests::check_transfer_hook_program_rejects_missing_extension ... ok
test crypto::secp256k1::tests::rejects_signature_bounds ... ok
test oracle::tests::pub_slot_reads ... ok
test oracle::tests::read_price_valid ... ok
test token2022_ext::tests::detects_transfer_fee ... ok
test oracle::tests::rejects_too_short ... ok
test oracle::tests::rejects_wrong_version ... ok
test interface::tests::token_program_kind_program_id_is_stable ... ok
test oracle::tests::confidence_check ... ok
test oracle::tests::ema_reads_non_trading ... ok
test token2022_ext::tests::detects_confidential_transfer ... ok
test token2022_ext::tests::detects_non_transferable ... ok
test token2022_ext::tests::offset_constants_match_authoritative_spec ... ok
test oracle::tests::rejects_non_trading ... ok
test crypto::ed25519::tests::rejects_selected_signature_out_of_range ... ok
test token2022_ext::tests::read_transfer_fee_config_rejects_missing ... ok
test token2022_ext::tests::finds_second_extension ... ok
test token2022_ext::tests::no_extensions_passes_all_checks ... ok
test token2022_ext::tests::detects_permanent_delegate ... ok
test token2022_ext::tests::read_transfer_hook_returns_none_when_absent ... ok
test interface::tests::interface_shapes_match_canonical_token_unpackers ... ok
test token2022_ext::tests::rejects_reading_mint_extension_out_of_token_account ... ok
test token2022_ext::tests::detects_transfer_hook ... ok
test token2022_ext::tests::safe_check_rejects_new_unknown_duplicate_and_malformed_extensions ... ok
test token2022_ext::tests::read_transfer_hook_parses_authority_and_program_id ... ok
test token2022_ext::tests::read_transfer_hook_rejects_truncated_extension ... ok
test token2022_ext::tests::safe_check_requires_canonical_extended_mint_envelope ... ok
test token2022_ext::tests::safe_with_benign_extensions_only ... ok
test token2022_ext::tests::read_transfer_fee_config_parses_correctly ... ok
test token2022_ext::tests::tlv_payload_lives_at_byte_166 ... ok
test token2022_ext::tests::truncated_tlv_returns_none ... ok
test token2022_ext::tests::unknown_base_size_is_rejected ... ok
test twap::tests::compute_twap_basic ... ok
test twap::tests::compute_twap_mixed ... ok
test twap::tests::compute_twap_rejects_zero_elapsed ... ok
test twap::tests::cumulative_accumulates ... ok
test twap::tests::deviation_check_passes_within_bounds ... ok
test twap::tests::deviation_check_rejects_excess ... ok
test twap::tests::deviation_check_rejects_zero_twap ... ok
test twap::tests::full_twap_cycle ... ok
test twap::tests::no_time_elapsed_unchanged ... ok

test result: ok. 57 passed; 0 failed; 0 ignored; 0 measured; 0 filtered out; finished in 0.00s

     Running tests\readers.rs (target/borrowed-slices-host-check\debug\deps\readers-a6df5b658387dc5b.exe)

running 4 tests
test an_option_tag_the_token_program_never_writes_is_refused ... ok
test mint_authorities_follow_their_option_tags ... ok
test token_account_keys_are_read_in_place ... ok
test a_buffer_one_byte_short_is_refused ... ok

test result: ok. 4 passed; 0 failed; 0 ignored; 0 measured; 0 filtered out; finished in 0.00s

     Running tests\transfer.rs (target/borrowed-slices-host-check\debug\deps\transfer-4a76456a8e25487a.exe)

running 4 tests
test capture_rejects_aliases_invalid_policy_funds_mint_and_live_mutable_borrows ... ok
test mutable_projection_moves_keep_the_lease_until_drop ... ok
test verify_rechecks_mint_authority_state_shape_owner_and_live_borrows ... ok
test transfer_policies_cover_exact_fees_shortfalls_reversed_movement_and_extremes ... ok

test result: ok. 4 passed; 0 failed; 0 ignored; 0 measured; 0 filtered out; finished in 0.00s

     Running unittests src\lib.rs (target/borrowed-slices-host-check\debug\deps\hopper_stablecoin_memo_pay-488e5d4990d16b9a.exe)

running 0 tests

test result: ok. 0 passed; 0 failed; 0 ignored; 0 measured; 0 filtered out; finished in 0.00s

     Running unittests src\lib.rs (target/borrowed-slices-host-check\debug\deps\hopper_staking-783dc08fbbaff46a.exe)

running 0 tests

test result: ok. 0 passed; 0 failed; 0 ignored; 0 measured; 0 filtered out; finished in 0.00s

     Running tests\staking_tests.rs (target/borrowed-slices-host-check\debug\deps\staking_tests-7b35c7e82866bc30.exe)

running 10 tests
test test_emission_rate ... ok
test test_full_staking_cycle ... ok
test test_pending_rewards_rejects_inconsistent_debt ... ok
test test_pending_rewards_with_debt ... ok
test test_pending_rewards_basic ... ok
test test_rewards_earned ... ok
test test_update_reward_debt ... ok
test test_update_reward_debt_rejects_overflow ... ok
test test_update_reward_per_token_zero_staked ... ok
test test_update_reward_per_token_basic ... ok

test result: ok. 10 passed; 0 failed; 0 ignored; 0 measured; 0 filtered out; finished in 0.00s

     Running unittests src\lib.rs (target/borrowed-slices-host-check\debug\deps\hopper_styx_ferry-e98086b3082345a1.exe)

running 0 tests

test result: ok. 0 passed; 0 failed; 0 ignored; 0 measured; 0 filtered out; finished in 0.00s

     Running unittests src\lib.rs (target/borrowed-slices-host-check\debug\deps\hopper_svm-5bcc97c16a2903f0.exe)

running 1 test
test tests::process_round_trips_account_mutation ... ok

test result: ok. 1 passed; 0 failed; 0 ignored; 0 measured; 0 filtered out; finished in 0.00s

     Running unittests src\lib.rs (target/borrowed-slices-host-check\debug\deps\hopper_system-6c8ed3444c0f19b8.exe)

running 0 tests

test result: ok. 0 passed; 0 failed; 0 ignored; 0 measured; 0 filtered out; finished in 0.00s

     Running unittests src\lib.rs (target/borrowed-slices-host-check\debug\deps\hopper_core-04d0c4dfcc3b59c9.exe)

running 165 tests
test abi::boolean::tests::bool_roundtrip ... ok
test abi::boolean::tests::equality_follows_boolean_semantics_not_bytes ... ok
test abi::integers::tests::wire_u64_assignment_operators_accept_native_rhs ... ok
test abi::typed_address::tests::typed_untyped_roundtrip ... ok
test abi::integers::tests::operator_overflow_panics_instead_of_wrapping - should panic ... ok
test account::dynamic::tests::dynamic_u8_roundtrip ... ok
test abi::integers::tests::wire_i64_negative ... ok
test account::lifecycle::tests::safe_close_rejects_wrong_owner ... ok
test account::lifecycle::tests::safe_close_fails_before_lamports_move_when_data_is_borrowed ... ok
test account::lifecycle::tests::safe_close_succeeds_when_both_sides_are_declared ... ok
test account::lifecycle::tests::safe_realloc_checks_funding_before_resize ... ok
test abi::boolean::tests::nonzero_is_true ... ok
test account::lifecycle::tests::safe_realloc_fails_before_resize_when_data_is_borrowed ... ok
test abi::typed_address::tests::typed_address_cast ... ok
test abi::typed_address::tests::typed_address_zero_check ... ok
test abi::integers::tests::wire_assignment_operators_accept_wire_rhs ... ok
test account::dynamic::tests::dynamic_view_mixed_prefixes ... ok
test account::dynamic::tests::dynamic_u16_roundtrip ... ok
test abi::integers::tests::operator_underflow_panics_instead_of_wrapping - should panic ... ok
test account::dynamic::tests::dynamic_view_parse_and_access ... ok
test account::lifecycle::tests::safe_close_is_refused_when_the_destination_lacks_lamport_permission ... ok
test abi::integers::tests::wire_default_is_zero ... ok
test account::lifecycle::tests::safe_close_rejects_non_writable_destination ... ok
test abi::integers::tests::wire_ordering ... ok
test abi::integers::tests::wire_u64_checked_assign_helpers ... ok
test abi::integers::tests::wire_u64_checked_assign_overflow_is_reported ... ok
test account::lifecycle::tests::safe_close_with_sentinel_moves_lamports_and_marks_data ... ok
test abi::integers::tests::wire_u64_roundtrip ... ok
test account::lifecycle::tests::safe_realloc_moves_lamports_after_successful_resize ... ok
test abi::typed_address::tests::typed_address_equality ... ok
test abi::typed_address::tests::typed_address_size_and_align ... ok
test account::lifecycle::tests::safe_close_rejects_non_writable_source ... ok
test account::lifecycle::tests::safe_realloc_rejects_non_writable_account ... ok
test account::lifecycle::tests::safe_realloc_rejects_non_writable_payer_when_top_up_required ... ok
test account::lifecycle::tests::safe_realloc_rejects_unsigned_payer_when_top_up_required ... ok
test account::lifecycle::tests::safe_realloc_rejects_wrong_owner ... ok
test account::lifecycle::tests::safe_realloc_top_up_is_refused_when_the_payer_lacks_lamport_permission ... ok
test account::reader::tests::near_usize_max_offset_does_not_wrap_into_oob ... ok
test account::lifecycle::tests::safe_realloc_top_up_succeeds_when_both_sides_are_declared ... ok
test account::realloc_guard::tests::basic_growth_tracking ... ok
test account::realloc_guard::tests::budget_exceeded ... ok
test account::realloc_guard::tests::commit_growth_enforces_budget_without_precheck ... ok
test account::realloc_guard::tests::commit_unregistered_slot ... ok
test account::realloc_guard::tests::oversized_usize_realloc_is_rejected_explicitly ... ok
test account::realloc_guard::tests::register_out_of_bounds ... ok
test account::realloc_guard::tests::same_size_is_noop ... ok
test account::realloc_guard::tests::shrink_returns_credit ... ok
test account::realloc_guard::tests::slot_growth_reports_full_u32_range_without_wrapping ... ok
test account::registry::tests::a_segment_that_points_at_the_entry_table_is_refused ... ok
test account::registry::tests::a_segment_that_runs_past_the_account_is_refused ... ok
test account::registry::tests::entry_mut_is_bounded_by_the_count ... ok
test account::registry::tests::init_rejects_buffer_too_small_for_entry_table ... ok
test account::registry::tests::init_rejects_offset_overflow_instead_of_overlapping ... ok
test account::registry::tests::segment_fixed_vec_adapter_exposes_vec_api ... ok
test account::registry::tests::segment_journal_adapter_exposes_journal_api ... ok
test account::registry::tests::segment_overlays_read_and_write_the_segment_and_nothing_else ... ok
test accounts::explain::tests::account_classes_cover_mixed_solana_models ... ok
test accounts::explain::tests::account_field_schema_fields ... ok
test accounts::explain::tests::context_explain_from_none ... ok
test accounts::explain::tests::context_explain_from_schema ... ok
test accounts::explain::tests::context_schema_field_count ... ok
test collections::bit_set::tests::count_ones ... ok
test collections::bit_set::tests::out_of_bounds ... ok
test collections::bit_set::tests::set_get_clear ... ok
test collections::bit_set::tests::toggle ... ok
test collections::fixed_vec::tests::corrupt_count_is_rejected_at_construction ... ok
test collections::fixed_vec::tests::full_returns_error ... ok
test collections::fixed_vec::tests::push_pop_roundtrip ... ok
test collections::fixed_vec::tests::swap_remove_works ... ok
test collections::ring_buffer::tests::corrupt_count_is_rejected_at_construction ... ok
test collections::journal::tests::zero_capacity_circular_append_errs_not_panics ... ok
test collections::journal::tests::circular_wraps_and_reports_oldest_first ... ok
test collections::journal::tests::strict_appends_then_rejects_when_full ... ok
test collections::ring_buffer::tests::head_equal_to_capacity_is_normalized_at_construction ... ok
test collections::ring_buffer::tests::ring_push_and_read ... ok
test collections::ring_buffer::tests::ring_wraps_around ... ok
test collections::ring_buffer::tests::corrupt_head_is_rejected_at_construction ... ok
test collections::slab::tests::alloc_fails_when_full_without_overflow ... ok
test collections::slab::tests::alloc_get_free_roundtrip_and_double_free_rejected ... ok
test collections::slab::tests::corrupt_free_head_cannot_force_oob_write ... ok
test collections::slab::tests::free_list_rewired_to_live_slot_is_refused ... ok
test collections::slab::tests::from_bytes_mut_rejects_undersized_buffer ... ok
test collections::slot_map::tests::from_bytes_accepts_consistent_count_and_occupancy ... ok
test collections::slot_map::tests::from_bytes_rejects_count_higher_than_occupancy ... ok
test collections::slot_map::tests::from_bytes_rejects_count_lower_than_occupancy ... ok
test collections::slot_map::tests::generation_prevents_aba ... ok
test collections::slot_map::tests::insert_get_remove ... ok
test collections::slot_map::tests::insert_on_hostile_full_count_clamps_to_capacity ... ok
test collections::slot_map::tests::remove_on_hostile_zero_count_does_not_underflow ... ok
test collections::sorted_vec::tests::sorted_vec_insert_and_search ... ok
test collections::sorted_vec::tests::sorted_vec_insert_unique ... ok
test collections::sorted_vec::tests::sorted_vec_remove ... ok
test diff::tests::complete_diff_detects_tail_change ... ok
test collections::sorted_vec::tests::sorted_vec_min_max ... ok
test diff::tests::non_truncated_restore_roundtrips ... ok
test diff::tests::restore_into_refuses_truncated_but_head_variant_allows_it ... ok
test diff::tests::truncated_diff_is_conservative_not_silently_clean ... ok
test dispatch::tests::legacy_unauthenticated_event_marker_is_rejected ... ok
test frame::audit_tests::frame_segment_lease_releases_on_drop ... ok
test frame::audit_tests::frame_segment_mut_writes_through_ref_mut ... ok
test frame::phase::tests::borrow_mut_is_raii_not_sticky ... ok
test manifest::tests::classify_entry_change_is_conservative_about_version_bumps ... ok
test frame::phase::tests::duplicate_account_metas_share_one_borrow_byte ... ok
test frame::audit_tests::frame_segment_ref_returns_live_guard ... ok
test manifest::tests::descriptor_compact_and_headered_shapes ... ok
test manifest::tests::descriptor_is_single_source_for_registry_entry ... ok
test manifest::tests::descriptor_validate_is_len_and_disc_only ... ok
test manifest::tests::descriptor_governed_gate_end_to_end ... ok
test manifest::tests::cost_profile_and_lint_track_size_and_growth ... ok
test manifest::tests::detailed_diff_keeps_dynamic_version_bumps_migration_required ... ok
test manifest::tests::diff_registries_combines_rows ... ok
test manifest::tests::fingerprint_hex_roundtrips_bytes ... ok
test manifest::tests::diff_descriptors_vs_registry_classifies ... ok
test manifest::tests::profiles_behave ... ok
test manifest::tests::idl_node_projects_descriptor_fields ... ok
test manifest::tests::fingerprint_ignores_deprecated_bit ... ok
test manifest::tests::parse_rejects_bad_magic_version_and_short_buffers ... ok
test manifest::tests::name_hash_is_deterministic_and_distinct ... ok
test manifest::tests::fingerprint_is_deterministic_and_identity_sensitive ... ok
test manifest::tests::profile_try_parse_fails_closed ... ok
test manifest::tests::permits_upgrade_gates_by_profile ... ok
test manifest::tests::diff_entry_classifies_each_kind ... ok
test manifest::tests::loaded_data_size_sums_min_size ... ok
test manifest::tests::registry_matches_checks_hashes ... ok
test manifest::tests::recommend_limit_adds_tail_headroom_and_margin ... ok
test manifest::tests::write_registry_rejects_bad_version_and_entry_count_overflow ... ok
test manifest::tests::registry_hash_detects_tampering ... ok
test manifest::tests::write_registry_rejects_short_buffer ... ok
test manifest::tests::struct_sizes_are_alignment_one_and_fixed ... ok
test manifest::tests::write_then_parse_roundtrip ... ok
test receipt::truncation_tests::commit_flags_truncation_and_it_survives_the_wire ... ok
test math::tests::basis_points_apply_floor_and_ceil ... ok
test receipt::truncation_tests::full_snapshot_receipt_is_not_flagged_truncated ... ok
test math::tests::i80f48_integer_and_ratio_round_trip ... ok
test segment_map::tests::body_size_computed ... ok
test segment_map::tests::segment_count ... ok
test math::tests::i80f48_checked_division_rejects_zero ... ok
test segment_map::tests::segment_by_index_constant_access ... ok
test segment_map::tests::lookup_missing ... ok
test segment_map::tests::segment_end ... ok
test sysvar::cache::tests::context_with_rent_exposes_repriced_threshold ... ok
test segment_map::tests::lookup_by_name ... ok
test sysvar::cache::tests::cached_rent_reads_stored_threshold ... ok
test sysvar::cache::tests::exempt_min_byte_matches_solana_reference ... ok
test sysvar::cache::tests::cached_rent_length_check ... ok
test sysvar::cache::tests::exempt_min_matches_current_mainnet_regime ... ok
test sysvar::tests::minimum_balance_byte_matches_solana_reference ... ok
test sysvar::cache::tests::exempt_min_no_overflow_at_extremes ... ok
test sysvar::tests::read_rent_honors_repriced_fields ... ok
test sysvar::tests::minimum_balance_no_overflow_at_extremes ... ok
test sysvar::tests::upward_threshold_reprice_demands_more_than_hardcoded_two ... ok
test sysvar::tests::read_rent_honors_stored_non_two_threshold ... ok
test sysvar::tests::minimum_balance_matches_mainnet_2026_09_03_empty_account ... ok
test virtual_state::tests::sharding_routes_keys_within_bounds ... ok
test sysvar::tests::read_rent_rejects_short_data_accepts_17 ... ok
test virtual_state::tests::empty_shard_set_is_rejected_not_div_by_zero ... ok
test collections::slot_map::tests::from_bytes_only_accepts_reconciled_counts ... ok
test collections::hostile_metadata_proptests::packed_map_survives_hostile_bytes ... ok
test collections::hostile_metadata_proptests::ring_buffer_survives_hostile_bytes ... ok
test collections::hostile_metadata_proptests::journal_survives_hostile_bytes ... ok
test collections::hostile_metadata_proptests::fixed_vec_survives_hostile_bytes ... ok
test collections::hostile_metadata_proptests::sorted_vec_survives_hostile_bytes ... ok
test collections::hostile_metadata_proptests::slab_survives_hostile_bytes ... ok
test collections::hostile_metadata_proptests::bit_set_survives_hostile_bytes ... ok
test collections::hostile_metadata_proptests::slot_map_survives_hostile_bytes ... ok

test result: ok. 165 passed; 0 failed; 0 ignored; 0 measured; 0 filtered out; finished in 0.02s

     Running tests\checks_and_views.rs (target/borrowed-slices-host-check\debug\deps\checks_and_views-7f20baeecd87907d.exe)

running 10 tests
test a_descriptor_is_reached_by_index_inside_the_table ... ok
test events_accept_any_fixed_layout_value ... ok
test field_ref_gives_an_address_only_when_it_has_thirty_two_bytes ... ok
test fixed_vec_get_ref_points_into_the_buffer ... ok
test has_one_compares_all_thirty_two_bytes ... ok
test owner_multi_answers_with_the_index_that_matched ... ok
test require_authority_wants_the_signature_and_the_address ... ok
test slab_get_ref_reads_only_allocated_slots ... ok
test the_cursor_reads_an_address_where_it_stands_and_moves_past_it ... ok
test typed_address_matches_the_account_it_names ... ok

test result: ok. 10 passed; 0 failed; 0 ignored; 0 measured; 0 filtered out; finished in 0.00s

     Running tests\competitor_bug_classes.rs (target/borrowed-slices-host-check\debug\deps\competitor_bug_classes-ea327224551f702d.exe)

running 10 tests
test aliased_self_close_is_rejected_before_any_mutation ... ok
test anchor_4603_shrunken_tail_is_unreachable_and_zeroed_on_regrow ... ok
test anchor_4888_realloc_cannot_shrink_below_the_layout_minimum ... ok
test anchor_4906_shrunk_or_overcounted_slab_is_unloadable_not_stale ... ok
test append_migration_refuses_wrong_source_shape_without_touching_state ... ok
test anchor_4886_close_to_non_writable_destination_is_refused ... ok
test rejected_close_moves_nothing_and_scrubs_nothing ... ok
test realloc_preflights_payer_funding_and_bounds_growth_before_resizing ... ok
test append_migration_zeroes_the_grown_region ... ok
test close_conserves_lamports_and_scrubs_every_byte ... ok

test result: ok. 10 passed; 0 failed; 0 ignored; 0 measured; 0 filtered out; finished in 0.00s

     Running tests\layout_fingerprint.rs (target/borrowed-slices-host-check\debug\deps\layout_fingerprint-29564f4a693931bc.exe)

running 1 test
test layout_id_matches_sha256_without_feature_dependence ... ok

test result: ok. 1 passed; 0 failed; 0 ignored; 0 measured; 0 filtered out; finished in 0.00s

     Running tests\overlay_equivalence_tests.rs (target/borrowed-slices-host-check\debug\deps\overlay_equivalence_tests-abdfb4a97a0f9faf.exe)

running 17 tests
test all_wire_types_pod_roundtrip ... ok
test header_pod_write_then_read_parity ... ok
test header_overlay_matches_constructor ... ok
test verified_get_matches_raw_pod ... ok
test ref_vs_value_read_all_zeros ... ok
test wire_bool_overlay_nonzero_is_true ... ok
test wire_u32_overlay_vs_raw_bytes ... ok
test unchecked_matches_checked_reference ... ok
test wire_u64_overlay_vs_raw_bytes ... ok
test unchecked_mut_matches_checked_mut_write ... ok
test verified_mut_get_matches_raw_pod ... ok
test wire_bool_overlay_zero_is_false ... ok
test wire_i64_overlay_vs_raw_bytes ... ok
test ref_vs_value_read_equivalence ... ok
test overlay_at_matches_manual_slice_pod ... ok
test ref_vs_value_read_all_ones ... ok
test overlay_at_mut_write_matches_pod_write ... ok

test result: ok. 17 passed; 0 failed; 0 ignored; 0 measured; 0 filtered out; finished in 0.00s

     Running tests\property_tests.rs (target/borrowed-slices-host-check\debug\deps\property_tests-74f0c1a6f5de57a2.exe)

running 85 tests
test prop_all_wire_types_align_1 ... ok
test prop_bitset_count_ones_accuracy ... ok
test prop_capability_set_idempotent ... ok
test prop_bitset_set_get_all_positions ... ok
test prop_bitset_bounds_check ... ok
test prop_checked_mul_div_basic ... ok
test prop_checked_mul_div_ceil_rounds_up ... ok
test prop_bps_of_ceil_never_rounds_to_zero ... ok
test prop_checked_pow_basic ... ok
test prop_checked_sub_underflow ... ok
test prop_capability_set_empty ... ok
test prop_close_sentinel_value ... ok
test prop_fixed_vec_lifo_ordering ... ok
test prop_capability_set_union ... ok
test prop_capability_set_with ... ok
test prop_checked_add_overflow ... ok
test prop_checked_div_ceil_basic ... ok
test prop_bps_of_matches_manual ... ok
test prop_capability_masks_unique ... ok
test prop_capability_set_subset ... ok
test prop_fixed_vec_clear ... ok
test prop_layout_id_version_changes_id ... ok
test prop_fixed_vec_swap_remove_count ... ok
test prop_policy_resolve_all_caps ... ok
test prop_header_write_rejects_short_buffer ... ok
test prop_layout_id_deterministic ... ok
test prop_layout_id_order_sensitive ... ok
test prop_checked_mul_div_no_overflow_for_large_tokens ... ok
test prop_policy_rule_count ... ok
test prop_fixed_vec_capacity_enforced ... ok
test prop_header_write_read_roundtrip ... ok
test prop_realloc_guard_budget_monotonic ... ok
test prop_policy_resolve_basic ... ok
test prop_layout_id_length ... ok
test prop_policy_resolve_empty_caps ... ok
test prop_checked_mul_overflow ... ok
test prop_receipt_begin_initial_state ... ok
test prop_bitset_toggle_idempotency ... ok
test prop_realloc_guard_register_bounds ... ok
test prop_realloc_guard_unregistered_slot ... ok
test prop_layout_id_collision_resistance ... ok
test prop_receipt_commit_detects_changes ... ok
test prop_receipt_detects_resize ... ok
test prop_receipt_commit_no_changes ... ok
test prop_receipt_invariants_tracking ... ok
test prop_receipt_field_tracking ... ok
test prop_receipt_wire_format ... ok
test prop_receipt_cpi_tracking ... ok
test prop_requirement_set_basic ... ok
test prop_receipt_wire_format_with_fields ... ok
test prop_ring_buffer_preserves_last_n ... ok
test prop_scale_amount_identity ... ok
test prop_scale_amount_up_and_down ... ok
test prop_scale_bps_matches_bps_of ... ok
test prop_segment_role_append_only ... ok
test prop_segment_role_clearable ... ok
test prop_segment_role_constants ... ok
test prop_segment_role_flags_roundtrip ... ok
test prop_segment_role_immutable_after_init ... ok
test prop_segment_role_is_safe_to_drop ... ok
test prop_segment_role_must_preserve ... ok
test prop_segment_role_names_valid ... ok
test prop_segment_role_overwrites_existing_role ... ok
test prop_segment_role_preserves_lower_bits ... ok
test prop_segment_role_rebuildable ... ok
test prop_segment_role_requires_migration_copy ... ok
test prop_segment_role_unknown_maps_to_unclassified ... ok
test prop_state_diff_all_changed ... ok
test prop_state_diff_detects_single_byte ... ok
test prop_state_diff_no_changes_on_identical ... ok
test prop_state_snapshot_exact_fit ... ok
test prop_state_snapshot_truncation ... ok
test prop_to_u64_bounds ... ok
test prop_typed_address_eq_bytes ... ok
test prop_typed_address_from_slice_roundtrip ... ok
test prop_typed_address_size_and_align ... ok
test prop_typed_address_zero_invariant ... ok
test prop_untyped_address_cast ... ok
test prop_wire_bool_canonical_values ... ok
test prop_wire_i64_roundtrip_signed ... ok
test prop_wire_type_sizes_correct ... ok
test prop_wire_u32_roundtrip_exhaustive_boundaries ... ok
test prop_wire_u64_is_little_endian ... ok
test prop_wire_u64_roundtrip_exhaustive_boundaries ... ok
test prop_zero_init_clears_all ... ok

test result: ok. 85 passed; 0 failed; 0 ignored; 0 measured; 0 filtered out; finished in 0.00s

     Running tests\trust_tests.rs (target/borrowed-slices-host-check\debug\deps\trust_tests-527bc657b8894d3a.exe)

running 81 tests
test cpi_guard_current_index_at_boundary ... ok
test cpi_guard_flash_loan_no_bracket ... ok
test cpi_guard_instruction_count_parsing ... ok
test cpi_guard_flash_loan_only_before ... ok
test cpi_guard_flash_loan_requires_both_sides ... ok
test header_exact_size_accepts ... ok
test journal_circular_mode_wraps ... ok
test journal_circular_wrap_many_times ... ok
test journal_empty_read_fails ... ok
test journal_read_out_of_bounds_fails ... ok
test cpi_guard_require_top_level_passes_when_current_matches ... ok
test fingerprint_differs_on_any_byte ... ok
test cpi_guard_require_top_level_multi_instruction ... ok
test fingerprint_transition_valid ... ok
test fingerprint_verify_header_correct_data ... ok
test fingerprint_verify_header_wrong_id ... ok
test fingerprint_verify_header_too_short ... ok
test header_format_is_16_bytes_with_expected_fields ... ok
test cpi_guard_no_subsequent_invocation_at_last ... ok
test header_too_short_rejects ... ok
test journal_too_small_buffer_rejects ... ok
test cpi_guard_flash_loan_bracket_detected ... ok
test journal_circular_wrap_many_preserves_order ... ok
test cpi_guard_program_id_at_each_index ... ok
test cpi_guard_require_top_level_fails_when_current_is_different ... ok
test journal_latest_returns_most_recent ... ok
test journal_required_bytes ... ok
test journal_strict_mode_read_ordering ... ok
test receipt_decoded_roundtrip_full ... ok
test journal_strict_rejects_when_full ... ok
test cpi_guard_no_subsequent_invocation_fail ... ok
test packed_map_empty_queries ... ok
test cpi_guard_no_subsequent_invocation_pass ... ok
test packed_map_insert_get_remove ... ok
test packed_map_full_rejects ... ok
test receipt_field_tracking ... ok
test receipt_begin_commit_no_changes ... ok
test journal_strict_mode_fills_and_rejects ... ok
test receipt_decode_from_bytes_rejects_short_data ... ok
test fingerprint_matches_identity ... ok
test receipt_decode_zeroed_data ... ok
test receipt_detects_byte_changes ... ok
test journal_circular_overwrites_oldest_correctly ... ok
test receipt_detects_resize ... ok
test receipt_fingerprints_match_when_no_changes ... ok
test receipt_fingerprints_differ_on_mutation ... ok
test receipt_journal_and_cpi_count ... ok
test receipt_invariant_tracking ... ok
test cpi_guard_empty_sysvar_rejects ... ok
test receipt_policy_flags_roundtrip ... ok
test receipt_segment_tracking ... ok
test receipt_wire_format_roundtrip ... ok
test segment_role_flag_constants ... ok
test segment_role_name_strings ... ok
test segment_role_preserves_lower_bits ... ok
test segment_role_roundtrip_all_roles ... ok
test segment_role_semantic_methods ... ok
test slab_alloc_all_slots_then_reject_golden ... ok
test slab_alloc_get_free_cycle ... ok
test slab_alloc_free_all_then_realloc ... ok
test slab_double_free_is_rejected ... ok
test slab_double_free_rejected ... ok
test slab_out_of_bounds_rejected ... ok
test slab_too_small_buffer_rejects ... ok
test slab_read_freed_slot_rejected ... ok
test sorted_vec_binary_search ... ok
test sorted_vec_capacity_full ... ok
test sorted_vec_duplicate_insert ... ok
test sorted_vec_maintains_order ... ok
test sorted_vec_remove_maintains_order ... ok
test sysvar_parse_single_byte_rejects ... ok
test sysvar_parse_truncated_offset_table_rejects ... ok
test sysvar_parse_with_account_metas ... ok
test sysvar_parse_with_many_account_metas ... ok
test sysvar_parse_with_zero_account_metas_three_instructions ... ok
test typed_instructions_sysvar_reads_program_data_and_metas ... ok
test validation_graph_all_pass ... ok
test validation_graph_empty_passes ... ok
test validation_graph_fail_fast ... ok
test validation_graph_overflow_rejected ... ok
test validation_graph_run_all_returns_first_error ... ok

test result: ok. 81 passed; 0 failed; 0 ignored; 0 measured; 0 filtered out; finished in 0.00s

     Running tests\unsafe_boundary_tests.rs (target/borrowed-slices-host-check\debug\deps\unsafe_boundary_tests-b4e56625873281a7.exe)

running 44 tests
test header_disc_mismatch_detection ... ok
test header_fingerprint_mismatch_detection ... ok
test header_from_undersized_buffer_rejects ... ok
test header_version_mismatch_detection ... ok
test overlay_at_out_of_bounds_rejects ... ok
test overlay_at_valid_offset_succeeds ... ok
test header_wire_layout_matches_expected ... ok
test header_roundtrip_all_fields ... ok
test overlay_at_mut_out_of_bounds_rejects ... ok
test overlay_at_mut_valid_writes_through ... ok
test segment_descriptor_roundtrip ... ok
test segment_table_descriptor_oob_rejects ... ok
test pod_from_bytes_exact_size ... ok
test pod_from_bytes_mut_exact_size ... ok
test unchecked_cast_mut_matches_checked ... ok
test pod_from_bytes_mut_undersized_rejects ... ok
test pod_from_bytes_oversized_succeeds ... ok
test pod_from_bytes_undersized_rejects ... ok
test pod_read_exact_roundtrips ... ok
test pod_read_undersized_rejects ... ok
test pod_write_exact_roundtrips ... ok
test verified_account_mut_write_reflects ... ok
test segment_descriptor_is_full_when_count_equals_capacity ... ok
test overlay_at_exact_end_succeeds ... ok
test overlay_at_usize_max_rejects_no_panic ... ok
test pod_from_bytes_empty_rejects ... ok
test segment_table_undersized_rejects ... ok
test segment_table_zero_count_valid ... ok
test unchecked_cast_matches_checked_cast ... ok
test wire_i64_negative_roundtrip ... ok
test verified_account_exact_size_succeeds ... ok
test verified_account_get_reads_correct_data ... ok
test verified_account_mut_undersized_rejects ... ok
test pod_write_undersized_rejects ... ok
test verified_account_oversized_succeeds ... ok
test wire_bool_roundtrip ... ok
test segment_table_exact_size_succeeds ... ok
test verified_account_undersized_rejects ... ok
test wire_u16_all_bits_roundtrip ... ok
test wire_u32_all_bits_roundtrip ... ok
test wire_u64_all_bits_roundtrip ... ok
test wire_u64_is_little_endian_raw ... ok
test wire_u64_pod_from_bytes_exact ... ok
test wire_u64_pod_from_bytes_undersized ... ok

test result: ok. 44 passed; 0 failed; 0 ignored; 0 measured; 0 filtered out; finished in 0.00s

     Running unittests src\lib.rs (target/borrowed-slices-host-check\debug\deps\hopper_tail_lab-2a2486755dd70d89.exe)

running 2 tests
test tests::blob_roundtrips_binary_tail ... ok
test tests::note_roundtrips_bounded_fields_and_final_text_tail ... ok

test result: ok. 2 passed; 0 failed; 0 ignored; 0 measured; 0 filtered out; finished in 0.00s

     Running tests\cu.rs (target/borrowed-slices-host-check\debug\deps\cu-653f9177482469c1.exe)

running 1 test
test update_instructions_cost ... ok

test result: ok. 1 passed; 0 failed; 0 ignored; 0 measured; 0 filtered out; finished in 0.01s

     Running unittests src\lib.rs (target/borrowed-slices-host-check\debug\deps\hopper_test-1ae916c7b183e638.exe)

running 7 tests
test tests::funded_account_is_system_owned_and_carries_lamports ... ok
test tests::load_returns_none_for_missing_artifact ... ok
test frames::tests::a_failed_frame_keeps_its_reason_and_an_aborted_log_keeps_the_partial_tree ... ok
test frames::tests::nested_frames_carry_their_own_units ... ok
test trace::tests::trace_captures_lamport_and_token_deltas_as_json ... ok
test trace::tests::failed_instruction_records_error_and_no_token_for_plain_accounts ... ok
test fixtures::tests::fixtures_have_the_base_layouts ... ok

test result: ok. 7 passed; 0 failed; 0 ignored; 0 measured; 0 filtered out; finished in 0.00s

     Running unittests src\lib.rs (target/borrowed-slices-host-check\debug\deps\hopper_token-a070aa0467d784ab.exe)

running 12 tests
test layout::tests::spl_amount_instructions_golden ... ok
test layout::tests::reference_oracle_agrees_with_shipped_at_golden_vectors ... ok
test layout::tests::spl_checked_instructions_golden ... ok
test layout::tests::system_assign_golden ... ok
test layout::tests::system_create_account_golden ... ok
test layout::tests::spl_single_byte_instructions_golden ... ok
test layout::tests::system_allocate_golden ... ok
test layout::tests::system_create_account_allow_prefund_golden ... ok
test layout::tests::spl_set_authority_golden ... ok
test layout::tests::system_transfer_golden ... ok
test layout::tests::system_nonce_family_golden ... ok
test layout::tests::spl_initialize_account_golden ... ok

test result: ok. 12 passed; 0 failed; 0 ignored; 0 measured; 0 filtered out; finished in 0.00s

     Running unittests src\lib.rs (target/borrowed-slices-host-check\debug\deps\hopper_token_2022-05a1e3e9a0b8de34.exe)

running 12 tests
test hook::tests::account_data_seed_is_unsupported ... ok
test hook::tests::malformed_seed_shapes_return_errors_instead_of_panicking ... ok
test hook::tests::failed_resolution_preserves_existing_output ... ok
test hook::tests::selects_execute_and_never_reads_entries_past_its_tlv_length ... ok
test hook::tests::rejects_count_overrunning_buffer ... ok
test hook::tests::unpacks_count_and_literal_entry ... ok
test hook::tests::rejects_truncated_buffer ... ok
test layout::tests::burn_golden ... ok
test layout::tests::single_byte_golden ... ok
test layout::tests::mint_to_golden ... ok
test layout::tests::approve_golden ... ok
test layout::tests::transfer_golden ... ok

test result: ok. 12 passed; 0 failed; 0 ignored; 0 measured; 0 filtered out; finished in 0.00s

     Running tests\mint_plan.rs (target/borrowed-slices-host-check\debug\deps\mint_plan-0ec5906e2fafaab0.exe)

running 3 tests
test plans_reject_duplicates_invalid_fees_and_ambiguous_nullable_addresses ... ok
test every_supported_extension_subset_has_canonical_space ... ok
test wire_bytes_match_canonical_instruction_constructors ... ok

test result: ok. 3 passed; 0 failed; 0 ignored; 0 measured; 0 filtered out; finished in 0.00s

     Running unittests src\lib.rs (target/borrowed-slices-host-check\debug\deps\hopper_token_2022_ata-2a0b92849b4d845b.exe)

running 0 tests

test result: ok. 0 passed; 0 failed; 0 ignored; 0 measured; 0 filtered out; finished in 0.00s

     Running unittests src\lib.rs (target/borrowed-slices-host-check\debug\deps\hopper_token_2022_transfer_hook-6449e86dfe5ae684.exe)

running 0 tests

test result: ok. 0 passed; 0 failed; 0 ignored; 0 measured; 0 filtered out; finished in 0.00s

     Running unittests src\lib.rs (target/borrowed-slices-host-check\debug\deps\hopper_token_2022_vault-66c0dbf535f8bfa4.exe)

running 4 tests
test tests::program_manifest_uses_the_runtime_layout_and_no_unenforced_contracts ... ok
test tests::raw_dispatch_manifest_matches_runtime_tags_args_and_account_indices ... ok
test tests::__hopper_print_manifest ... ok
test tests::checked_in_manifest_is_the_source_manifest_rendering ... ok

test result: ok. 4 passed; 0 failed; 0 ignored; 0 measured; 0 filtered out; finished in 0.00s

     Running tests\devnet.rs (target/borrowed-slices-host-check\debug\deps\devnet-075cf6a5a8f13cb6.exe)

running 2 tests
test token_2022_vault_roundtrip_on_public_devnet ... ok
test rpc_redaction_removes_credentials_and_query_values ... ok

test result: ok. 2 passed; 0 failed; 0 ignored; 0 measured; 0 filtered out; finished in 0.00s

     Running tests\sbf_e2e.rs (target/borrowed-slices-host-check\debug\deps\sbf_e2e-3b8d833ae6c143ad.exe)

running 1 test
test canonical_token_2022_lifecycle_preserves_authority_and_binding ... ok

test result: ok. 1 passed; 0 failed; 0 ignored; 0 measured; 0 filtered out; finished in 0.02s

     Running unittests src\lib.rs (target/borrowed-slices-host-check\debug\deps\hopper_token_lab-4dddb4f9940dd1ca.exe)

running 0 tests

test result: ok. 0 passed; 0 failed; 0 ignored; 0 measured; 0 filtered out; finished in 0.00s

     Running tests\lab.rs (target/borrowed-slices-host-check\debug\deps\lab-777486ac9fa48381.exe)

running 2 tests
test hook_wire_validation_in_compiled_program ... ok
test lanes_on_both_programs ... ok

test result: ok. 2 passed; 0 failed; 0 ignored; 0 measured; 0 filtered out; finished in 0.03s

     Running unittests src\lib.rs (target/borrowed-slices-host-check\debug\deps\hopper_token_outcomes_fixture-389e7d4b81d8206c.exe)

running 0 tests

test result: ok. 0 passed; 0 failed; 0 ignored; 0 measured; 0 filtered out; finished in 0.00s

     Running unittests src\lib.rs (target/borrowed-slices-host-check\debug\deps\hopper_topology-6bcece3922813a55.exe)

running 1 test
test solver::ratio_tests::ratio_comparison_does_not_cross_multiply ... ok

test result: ok. 1 passed; 0 failed; 0 ignored; 0 measured; 0 filtered out; finished in 0.00s

     Running unittests src\main.rs (target/borrowed-slices-host-check\debug\deps\hopper_topology-29eb1a9177b87bbc.exe)

running 0 tests

test result: ok. 0 passed; 0 failed; 0 ignored; 0 measured; 0 filtered out; finished in 0.00s

     Running tests\loom.rs (target/borrowed-slices-host-check\debug\deps\loom-82f8a20134d382cb.exe)

running 10 tests
test exact_cells_in_one_account_still_conflict ... ok
test vertical_split_exposes_parallelism_and_account_tradeoff ... ok
test hot_key_floor_is_reported_as_an_exact_rational ... ok
test incomplete_and_synthetic_profiles_cannot_be_certified ... ok
test strict_json_rejects_unknown_fields ... ok
test rent_and_account_budgets_reject_vertical_split ... ok
test account_lock_semantics_distinguish_rr_wr_and_ww ... ok
test uniform_one_key_per_shard_has_one_over_k_conflict ... ok
test normalized_input_order_has_identical_commitments ... ok
test adding_a_shard_only_moves_buckets_to_the_new_shard ... ok

test result: ok. 10 passed; 0 failed; 0 ignored; 0 measured; 0 filtered out; finished in 0.01s

     Running unittests src\lib.rs (target/borrowed-slices-host-check\debug\deps\hopper_treasury-cf572a6267963368.exe)

running 0 tests

test result: ok. 0 passed; 0 failed; 0 ignored; 0 measured; 0 filtered out; finished in 0.00s

     Running tests\trybuild.rs (target/borrowed-slices-host-check\debug\deps\trybuild-fb8ae993f9ed4d60.exe)

running 2 tests
   Compiling hopper-lang v0.6.0 (D:\tmp\Hopper-Solana-Zero-copy-State-Framework)
   Compiling hopper-trybuild-tests v0.0.0 (D:\tmp\Hopper-Solana-Zero-copy-State-Framework\target\tests\trybuild\hopper-trybuild)
    Finished `dev` profile [unoptimized + debuginfo] target(s) in 2.91s


test tests\ui\pass\canonical_pda.rs ... ok
test tests\ui\pass\compact_dynamic_tail.rs ... ok
test tests\ui\pass\compact_state.rs ... ok
test tests\ui\pass\minimal_state.rs ... ok
test tests\ui\pass\overlay_wire_types_accepted.rs ... ok
test tests\ui\pass\owner_any_accounts.rs ... ok
test tests\ui\pass\pod_alignment_accepts_wire_types.rs ... ok


test compile_pass_cases ... ok
    Checking hopper-lang v0.6.0 (D:\tmp\Hopper-Solana-Zero-copy-State-Framework)
    Checking hopper-trybuild-tests v0.0.0 (D:\tmp\Hopper-Solana-Zero-copy-State-Framework\target\tests\trybuild\hopper-trybuild)
    Finished `dev` profile [unoptimized + debuginfo] target(s) in 2.38s


test tests\ui\fail\context_handler_arg_order.rs ... ok
test tests\ui\fail\crank_with_args.rs ... ok
test tests\ui\fail\exact_cell_selector_shadow.rs ... ok
test tests\ui\fail\instruction_string_manifest_overflow.rs ... ok
test tests\ui\fail\instruction_vector_variable_stride.rs ... ok
test tests\ui\fail\owner_and_owner_any.rs ... ok
test tests\ui\fail\pod_alignment_rejects_aligned_type.rs ... ok
test tests\ui\fail\raw_ref_u64_rejected.rs ... ok
test tests\ui\fail\segment_ref_u64_rejected.rs ... ok
test tests\ui\fail\state_requires_clone_copy.rs ... ok
test tests\ui\fail\stored_bump_arg_collision.rs ... ok
test tests\ui\fail\stored_bump_compact_misuse.rs ... ok
test tests\ui\fail\stored_bump_marker_misuse.rs ... ok
test tests\ui\fail\stored_bump_on_init.rs ... ok
test tests\ui\fail\stored_bump_unmarked_type.rs ... ok
test tests\ui\fail\verified_ref_outlives_wrapper.rs ... ok


test compile_fail_cases ... ok

test result: ok. 2 passed; 0 failed; 0 ignored; 0 measured; 0 filtered out; finished in 14.78s

     Running unittests src\lib.rs (target/borrowed-slices-host-check\debug\deps\hopper_vault-4e248b3f780d5983.exe)

running 4 tests
test tests::test_withdraw ... ok
test tests::test_deposit ... ok
test tests::dsl_custody_round_trip_and_authority_refusal ... ok
test tests::test_withdraw_rejects_unsigned_user ... ok

test result: ok. 4 passed; 0 failed; 0 ignored; 0 measured; 0 filtered out; finished in 0.00s

     Running unittests src\lib.rs (target/borrowed-slices-host-check\debug\deps\hopper_vesting-25d4e58c2a6c7aa1.exe)

running 0 tests

test result: ok. 0 passed; 0 failed; 0 ignored; 0 measured; 0 filtered out; finished in 0.00s

     Running tests\vesting_tests.rs (target/borrowed-slices-host-check\debug\deps\vesting_tests-7ae150d0b60656f9.exe)

running 13 tests
test vesting_tests::at_cliff_returns_proportional ... ok
test vesting_tests::at_end_returns_total ... ok
test vesting_tests::before_cliff_returns_zero ... ok
test vesting_tests::full_vesting_cycle ... ok
test vesting_tests::midpoint_linear ... ok
test vesting_tests::stepped_zero_steps_returns_total ... ok
test vesting_tests::extreme_valid_timestamps_do_not_overflow ... ok
test vesting_tests::invalid_timestamp_order_is_rejected_before_time_shortcuts ... ok
test vesting_tests::cliff_check ... ok
test vesting_tests::stepped_unlock ... ok
test vesting_tests::elapsed_steps_computation ... ok
test vesting_tests::claimable_subtraction ... ok
test vesting_tests::zero_duration_returns_total ... ok

test result: ok. 13 passed; 0 failed; 0 ignored; 0 measured; 0 filtered out; finished in 0.00s

     Running unittests src\lib.rs (target/borrowed-slices-host-check\debug\deps\hopper_virtual_state-cd95ac61d4e977e3.exe)

running 5 tests
test tests::distinct_discs ... ok
test tests::distinct_layout_ids ... ok
test tests::virtual_state_slot_counts ... ok
test tests::shard_routing_deterministic ... ok
test tests::layout_sizes ... ok

test result: ok. 5 passed; 0 failed; 0 ignored; 0 measured; 0 filtered out; finished in 0.00s

     Running unittests src\main.rs (target/borrowed-slices-host-check\debug\deps\hopper_xp_devnet_runner-66afdc5cca20e65a.exe)

running 4 tests
test tests::devnet_gate_is_exact_and_fail_closed ... ok
test tests::provenance_hashes_are_normalized_and_strict ... ok
test tests::rpc_output_never_contains_credentials_or_query_values ... ok
test tests::evidence_is_deterministic_and_redacts_rpc_secrets ... ok

test result: ok. 4 passed; 0 failed; 0 ignored; 0 measured; 0 filtered out; finished in 0.00s

     Running unittests src\lib.rs (target/borrowed-slices-host-check\debug\deps\hopper_xp_program_a-e7c0b418a438e8b1.exe)

running 0 tests

test result: ok. 0 passed; 0 failed; 0 ignored; 0 measured; 0 filtered out; finished in 0.00s

     Running unittests src\lib.rs (target/borrowed-slices-host-check\debug\deps\hopper_xp_program_b-6a6633f875f926af.exe)

running 0 tests

test result: ok. 0 passed; 0 failed; 0 ignored; 0 measured; 0 filtered out; finished in 0.00s

   Doc-tests grillo_manifest

running 2 tests
test crates\grillo-manifest\src\lib.rs - (line 22) ... ok
test crates\grillo-manifest\src\authority.rs - authority (line 41) ... ok

test result: ok. 2 passed; 0 failed; 0 ignored; 0 measured; 0 filtered out; finished in 0.79s

   Doc-tests grillo_verifier

running 1 test
test crates\grillo-verifier\src\lib.rs - (line 31) ... ok

test result: ok. 1 passed; 0 failed; 0 ignored; 0 measured; 0 filtered out; finished in 0.40s

   Doc-tests hopper_anchor

running 1 test
test crates\hopper-anchor\src\anchor.rs - anchor::anchor_disc (line 18) ... ignored

test result: ok. 0 passed; 0 failed; 1 ignored; 0 measured; 0 filtered out; finished in 0.00s

   Doc-tests hopper_associated_token

running 0 tests

test result: ok. 0 passed; 0 failed; 0 ignored; 0 measured; 0 filtered out; finished in 0.00s

   Doc-tests hopper_builtins

running 0 tests

test result: ok. 0 passed; 0 failed; 0 ignored; 0 measured; 0 filtered out; finished in 0.00s

   Doc-tests hopper_cicada

running 9 tests
test examples\hopper-cicada\src\lib.rs - CancelIntentCtx<'ctx,'a,__HOPPER_BASE>::bumps (line 467) ... ignored
test examples\hopper-cicada\src\lib.rs - ClaimIntentCtx<'ctx,'a,__HOPPER_BASE>::bumps (line 437) ... ignored
test examples\hopper-cicada\src\lib.rs - CreateIntentCtx<'ctx,'a,__HOPPER_BASE>::bumps (line 364) ... ignored
test examples\hopper-cicada\src\lib.rs - ExecuteIntentCtx<'ctx,'a,__HOPPER_BASE>::bumps (line 501) ... ignored
test examples\hopper-cicada\src\lib.rs - InitializeConfigCtx<'ctx,'a,__HOPPER_BASE>::bumps (line 320) ... ignored
test examples\hopper-cicada\src\lib.rs - InitializeShardCtx<'ctx,'a,__HOPPER_BASE>::bumps (line 346) ... ignored
test examples\hopper-cicada\src\lib.rs - ReclaimIntentCtx<'ctx,'a,__HOPPER_BASE>::bumps (line 552) ... ignored
test examples\hopper-cicada\src\lib.rs - ReleaseClaimCtx<'ctx,'a,__HOPPER_BASE>::bumps (line 453) ... ignored
test examples\hopper-cicada\src\lib.rs - SetPauseCtx<'ctx,'a,__HOPPER_BASE>::bumps (line 622) ... ignored

test result: ok. 0 passed; 0 failed; 9 ignored; 0 measured; 0 filtered out; finished in 0.00s

   Doc-tests hopper_cicada_canonical_route_fixture

running 0 tests

test result: ok. 0 passed; 0 failed; 0 ignored; 0 measured; 0 filtered out; finished in 0.00s

   Doc-tests hopper_compact_vault

running 0 tests

test result: ok. 0 passed; 0 failed; 0 ignored; 0 measured; 0 filtered out; finished in 0.00s

   Doc-tests hopper_confidential_lab

running 11 tests
test examples\hopper-confidential-lab\src\lib.rs - ApproveCtx<'ctx,'a,__HOPPER_BASE>::bumps (line 147) ... ignored
test examples\hopper-confidential-lab\src\lib.rs - CreateMintCtx<'ctx,'a,__HOPPER_BASE>::bumps (line 87) ... ignored
test examples\hopper-confidential-lab\src\lib.rs - EmptyCtx<'ctx,'a,__HOPPER_BASE>::bumps (line 198) ... ignored
test examples\hopper-confidential-lab\src\lib.rs - MintAuthorityCtx<'ctx,'a,__HOPPER_BASE>::bumps (line 97) ... ignored
test examples\hopper-confidential-lab\src\lib.rs - OpenAccountCtx<'ctx,'a,__HOPPER_BASE>::bumps (line 105) ... ignored
test examples\hopper-confidential-lab\src\lib.rs - OpenFromRegistryCtx<'ctx,'a,__HOPPER_BASE>::bumps (line 118) ... ignored
test examples\hopper-confidential-lab\src\lib.rs - OwnedCtx<'ctx,'a,__HOPPER_BASE>::bumps (line 165) ... ignored
test examples\hopper-confidential-lab\src\lib.rs - TransferCtx<'ctx,'a,__HOPPER_BASE>::bumps (line 184) ... ignored
test examples\hopper-confidential-lab\src\lib.rs - TransferWithFeeCtx<'ctx,'a,__HOPPER_BASE>::bumps (line 131) ... ignored
test examples\hopper-confidential-lab\src\lib.rs - WithMintCtx<'ctx,'a,__HOPPER_BASE>::bumps (line 156) ... ignored
test examples\hopper-confidential-lab\src\lib.rs - WithdrawCtx<'ctx,'a,__HOPPER_BASE>::bumps (line 173) ... ignored

test result: ok. 0 passed; 0 failed; 11 ignored; 0 measured; 0 filtered out; finished in 0.00s

   Doc-tests hopper_derive

running 27 tests
test crates\hopper-macros-proc\src\constant.rs - constant (line 21) ... ignored
test crates\hopper-macros-proc\src\crank.rs - crank (line 23) ... ignored
test crates\hopper-macros-proc\src\declare_program.rs - declare_program (line 11) ... ignored
test crates\hopper-macros-proc\src\declare_program.rs - declare_program (line 32) ... ignored
test crates\hopper-macros-proc\src\dynamic.rs - dynamic (line 17) ... ignored
test crates\hopper-macros-proc\src\error.rs - error (line 25) ... ignored
test crates\hopper-macros-proc\src\init_space.rs - init_space (line 15) ... ignored
test crates\hopper-macros-proc\src\lib.rs - canonical_pda (line 48) ... ignored
test crates\hopper-macros-proc\src\lib.rs - declare_program (line 446) ... ignored
test crates\hopper-macros-proc\src\lib.rs - derive_accounts (line 225) ... ignored
test crates\hopper-macros-proc\src\lib.rs - derive_hopper_init_space (line 106) ... ignored
test crates\hopper-macros-proc\src\lib.rs - hopper_args (line 507) ... ignored
test crates\hopper-macros-proc\src\lib.rs - hopper_constant (line 615) ... ignored
test crates\hopper-macros-proc\src\lib.rs - hopper_context (line 158) ... ignored
test crates\hopper-macros-proc\src\lib.rs - hopper_dynamic (line 536) ... ignored
test crates\hopper-macros-proc\src\lib.rs - hopper_dynamic_account (line 572) ... ignored
test crates\hopper-macros-proc\src\lib.rs - hopper_error (line 470) ... ignored
test crates\hopper-macros-proc\src\lib.rs - hopper_event (line 400) ... ignored
test crates\hopper-macros-proc\src\lib.rs - hopper_migrate (line 366) ... ignored
test crates\hopper-macros-proc\src\lib.rs - hopper_pod (line 299) ... ignored
test crates\hopper-macros-proc\src\lib.rs - hopper_program (line 261) ... ignored
test crates\hopper-macros-proc\src\lib.rs - hopper_state (line 68) ... ignored
test crates\hopper-macros-proc\src\lib.rs - hopper_unit_enum (line 333) ... ignored
test crates\hopper-macros-proc\src\migrate.rs - migrate (line 13) ... ignored
test crates\hopper-macros-proc\src\pod.rs - pod (line 12) ... ignored
test crates\hopper-macros-proc\src\program.rs - program (line 6) ... ignored
test crates\hopper-macros-proc\src\state.rs - state::parse_field_meta (line 1664) ... ignored

test result: ok. 0 passed; 0 failed; 27 ignored; 0 measured; 0 filtered out; finished in 0.00s

   Doc-tests hopper_devnet_audit

running 3 tests
test examples\hopper-devnet-audit\src\lib.rs - InitializeCtx<'ctx,'a,__HOPPER_BASE>::bumps (line 53) ... ignored
test examples\hopper-devnet-audit\src\lib.rs - MutateCtx<'ctx,'a,__HOPPER_BASE>::bumps (line 64) ... ignored
test examples\hopper-devnet-audit\src\lib.rs - ReadAuditCtx<'ctx,'a,__HOPPER_BASE>::bumps (line 73) ... ignored

test result: ok. 0 passed; 0 failed; 3 ignored; 0 measured; 0 filtered out; finished in 0.00s

   Doc-tests hopper_distribute

running 0 tests

test result: ok. 0 passed; 0 failed; 0 ignored; 0 measured; 0 filtered out; finished in 0.00s

   Doc-tests hopper_escrow

running 3 tests
test examples\hopper-escrow\src\lib.rs - CancelCtx<'ctx,'a,__HOPPER_BASE>::bumps (line 74) ... ignored
test examples\hopper-escrow\src\lib.rs - MakeCtx<'ctx,'a,__HOPPER_BASE>::bumps (line 33) ... ignored
test examples\hopper-escrow\src\lib.rs - TakeCtx<'ctx,'a,__HOPPER_BASE>::bumps (line 51) ... ignored

test result: ok. 0 passed; 0 failed; 3 ignored; 0 measured; 0 filtered out; finished in 0.00s

   Doc-tests hopper_finance

running 11 tests
test crates\hopper-finance\src\amm.rs - amm::check_k_invariant (line 132) ... ignored
test crates\hopper-finance\src\amm.rs - amm::constant_product_in (line 88) ... ignored
test crates\hopper-finance\src\amm.rs - amm::constant_product_out (line 45) ... ignored
test crates\hopper-finance\src\amm.rs - amm::initial_lp_amount (line 177) ... ignored
test crates\hopper-finance\src\amm.rs - amm::isqrt (line 12) ... ignored
test crates\hopper-finance\src\amm.rs - amm::price_impact_bps (line 155) ... ignored
test crates\hopper-finance\src\amm.rs - amm::proportional_lp_amount (line 192) ... ignored
test crates\hopper-finance\src\lib.rs - (line 10) ... ignored
test crates\hopper-finance\src\slippage.rs - slippage::check_price_bounds (line 118) ... ignored
test crates\hopper-finance\src\slippage.rs - slippage::check_slippage (line 14) ... ignored
test crates\hopper-finance\src\slippage.rs - slippage::check_within_bps (line 83) ... ignored

test result: ok. 0 passed; 0 failed; 11 ignored; 0 measured; 0 filtered out; finished in 0.00s

   Doc-tests hopper

running 12 tests
test src\guards.rs - guards (line 12) ... ignored
test src\lib.rs - (line 101) ... ignored
test src\lib.rs - hopper_dynamic_fields (line 805) ... ignored
test src\lib.rs - hopper_dynamic_tail (line 668) ... ignored
test src\lib.rs - hopper_load (line 597) ... ignored
test src\lib.rs - hopper_load (line 605) ... ignored
test src\lib.rs - hopper_load (line 623) ... ignored
test src\lib.rs - hopper_load (line 639) ... ignored
test src\lib.rs - interface_account_set (line 844) ... ignored
test src\lib.rs - program_dispatch (line 932) ... ignored
test src\lib.rs - program_manifest (line 995) ... ignored
test src\receipts.rs - receipts::emit_receipt (line 23) ... ignored

test result: ok. 0 passed; 0 failed; 12 ignored; 0 measured; 0 filtered out; finished in 0.00s

   Doc-tests hopper_lending

running 6 tests
test crates\hopper-lending\src\lending.rs - lending::check_healthy (line 41) ... ignored
test crates\hopper-lending\src\lending.rs - lending::collateralization_ratio_bps (line 15) ... ignored
test crates\hopper-lending\src\lending.rs - lending::liquidation_seize_amount (line 95) ... ignored
test crates\hopper-lending\src\lending.rs - lending::max_liquidation_amount (line 77) ... ignored
test crates\hopper-lending\src\lending.rs - lending::simple_interest (line 117) ... ignored
test crates\hopper-lending\src\lending.rs - lending::utilization_rate_bps (line 142) ... ignored

test result: ok. 0 passed; 0 failed; 6 ignored; 0 measured; 0 filtered out; finished in 0.00s

   Doc-tests hopper_macros

running 19 tests
test crates\hopper-macros\src\lib.rs - const_assert_pod (line 1307) ... ignored
test crates\hopper-macros\src\lib.rs - hopper_accounts (line 1733) ... ignored
test crates\hopper-macros\src\lib.rs - hopper_accounts (line 1745) ... ignored
test crates\hopper-macros\src\lib.rs - hopper_assert_compatible (line 1211) ... ignored
test crates\hopper-macros\src\lib.rs - hopper_assert_fingerprint (line 1272) ... ignored
test crates\hopper-macros\src\lib.rs - hopper_check (line 560) ... ignored
test crates\hopper-macros\src\lib.rs - hopper_close (line 786) ... ignored
test crates\hopper-macros\src\lib.rs - hopper_error (line 613) ... ignored
test crates\hopper-macros\src\lib.rs - hopper_init (line 671) ... ignored
test crates\hopper-macros\src\lib.rs - hopper_interface (line 1366) ... ignored
test crates\hopper-macros\src\lib.rs - hopper_interface (line 1377) ... ignored
test crates\hopper-macros\src\lib.rs - hopper_invariant (line 879) ... ignored
test crates\hopper-macros\src\lib.rs - hopper_layout (line 52) ... ignored
test crates\hopper-macros\src\lib.rs - hopper_manifest (line 915) ... ignored
test crates\hopper-macros\src\lib.rs - hopper_register_discs (line 807) ... ignored
test crates\hopper-macros\src\lib.rs - hopper_require (line 655) ... ignored
test crates\hopper-macros\src\lib.rs - hopper_segment (line 983) ... ignored
test crates\hopper-macros\src\lib.rs - hopper_verify_pda (line 849) ... ignored
test crates\hopper-macros\src\lib.rs - hopper_virtual (line 1140) ... ignored

test result: ok. 0 passed; 0 failed; 19 ignored; 0 measured; 0 filtered out; finished in 0.00s

   Doc-tests hopper_manager

running 1 test
test crates\hopper-manager\src\lib.rs - (line 25) ... ignored

test result: ok. 0 passed; 0 failed; 1 ignored; 0 measured; 0 filtered out; finished in 0.00s

   Doc-tests hopper_memo

running 1 test
test crates\hopper-memo\src\lib.rs - (line 18) ... ignored

test result: ok. 0 passed; 0 failed; 1 ignored; 0 measured; 0 filtered out; finished in 0.00s

   Doc-tests hopper_metaplex

running 0 tests

test result: ok. 0 passed; 0 failed; 0 ignored; 0 measured; 0 filtered out; finished in 0.00s

   Doc-tests hopper_migration

running 0 tests

test result: ok. 0 passed; 0 failed; 0 ignored; 0 measured; 0 filtered out; finished in 0.00s

   Doc-tests hopper_multisig

running 0 tests

test result: ok. 0 passed; 0 failed; 0 ignored; 0 measured; 0 filtered out; finished in 0.00s

   Doc-tests hopper_native

running 19 tests
test crates\hopper-native\src\account_view.rs - account_view::AccountView<'info>::flags (line 998) ... ignored
test crates\hopper-native\src\batch.rs - batch::realloc_checked_with (line 245) ... ignored
test crates\hopper-native\src\batch.rs - batch::require_rent_exempt_with (line 118) ... ignored
test crates\hopper-native\src\budget.rs - budget (line 22) ... ignored
test crates\hopper-native\src\budget.rs - budget (line 40) ... ignored
test crates\hopper-native\src\budget.rs - budget::cu_measure (line 225) ... ignored
test crates\hopper-native\src\budget.rs - budget::cu_trace (line 203) ... ignored
test crates\hopper-native\src\capability.rs - capability (line 16) ... ignored
test crates\hopper-native\src\entrypoint.rs - entrypoint::hopper_program_entrypoint (line 78) ... ignored
test crates\hopper-native\src\hash.rs - hash::sha256 (line 73) ... ignored
test crates\hopper-native\src\heap.rs - heap (line 8) ... ignored
test crates\hopper-native\src\lazy.rs - lazy (line 31) ... ignored
test crates\hopper-native\src\lens.rs - lens (line 19) ... ignored
test crates\hopper-native\src\lens.rs - lens::read_field_pod (line 70) ... ignored
test crates\hopper-native\src\lib.rs - project (line 133) ... ignored
test crates\hopper-native\src\pda.rs - pda::find_program_address_const (line 42) ... ignored
test crates\hopper-native\src\return_data.rs - return_data::invoke_and_read (line 182) ... ignored
test crates\hopper-native\src\syscalls.rs - syscalls::define_syscall (line 100) ... ignored
test crates\hopper-native\src\verify.rs - verify (line 13) ... ignored

test result: ok. 0 passed; 0 failed; 19 ignored; 0 measured; 0 filtered out; finished in 0.00s

   Doc-tests hopper_orderbook

running 0 tests

test result: ok. 0 passed; 0 failed; 0 ignored; 0 measured; 0 filtered out; finished in 0.00s

   Doc-tests hopper_runtime

running 51 tests
test crates\hopper-runtime\src\account.rs - account::AccountView<'info>::init_compact_mut (line 914) ... ignored
test crates\hopper-runtime\src\account.rs - account::AccountView<'info>::load (line 726) ... ignored
test crates\hopper-runtime\src\account.rs - account::AccountView<'info>::load_compact (line 822) ... ignored
test crates\hopper-runtime\src\account.rs - account::AccountView<'info>::load_compact_dynamic (line 958) ... ignored
test crates\hopper-runtime\src\account.rs - account::AccountView<'info>::load_cross_program (line 1112) ... ignored
test crates\hopper-runtime\src\account.rs - account::AccountView<'info>::load_mut (line 766) ... ignored
test crates\hopper-runtime\src\account.rs - account::AccountView<'info>::segment_ref_const (line 651) ... ignored
test crates\hopper-runtime\src\account.rs - account::AccountView<'info>::segment_ref_typed (line 684) ... ignored
test crates\hopper-runtime\src\account.rs - account::AccountView<'info>::split_segments_mut (line 510) ... ignored
test crates\hopper-runtime\src\account_wrappers.rs - account_wrappers (line 9) ... ignored
test crates\hopper-runtime\src\account_wrappers.rs - account_wrappers::InterfaceAccountLayout (line 492) ... ignored
test crates\hopper-runtime\src\account_wrappers.rs - account_wrappers::Program (line 416) ... ignored
test crates\hopper-runtime\src\behavior.rs - behavior (line 10) ... ignored
test crates\hopper-runtime\src\context.rs - context::Context (line 28) ... ignored
test crates\hopper-runtime\src\context.rs - context::Context<'a>::finish_with_touch_map (line 387) ... ignored
test crates\hopper-runtime\src\context.rs - context::Context<'a>::split_segments_mut (line 659) ... ignored
test crates\hopper-runtime\src\cpi_event.rs - cpi_event (line 13) ... ignored
test crates\hopper-runtime\src\cpi_event.rs - cpi_event (line 78) ... ignored
test crates\hopper-runtime\src\cpi_event.rs - cpi_event::encode_event_cpi (line 169) ... ignored
test crates\hopper-runtime\src\enum_byte.rs - enum_byte (line 16) ... ignored
test crates\hopper-runtime\src\interop.rs - interop (line 15) ... ignored
test crates\hopper-runtime\src\layout.rs - layout::LayoutContract (line 297) ... ignored
test crates\hopper-runtime\src\layout.rs - layout::read_schema_epoch (line 558) ... ignored
test crates\hopper-runtime\src\lazy.rs - lazy (line 9) ... ignored
test crates\hopper-runtime\src\lib.rs - const_pda (line 265) ... ignored
test crates\hopper-runtime\src\lib.rs - declare_id (line 234) ... ignored
test crates\hopper-runtime\src\lib.rs - err (line 448) ... ignored
test crates\hopper-runtime\src\lib.rs - hopper_emit_cpi (line 555) ... ignored
test crates\hopper-runtime\src\lib.rs - hopper_emit_cpi (line 569) ... ignored
test crates\hopper-runtime\src\lib.rs - hopper_unsafe_region (line 479) ... ignored
test crates\hopper-runtime\src\lib.rs - layout_migrations (line 159) ... ignored
test crates\hopper-runtime\src\lib.rs - require_keys_eq (line 328) ... ignored
test crates\hopper-runtime\src\log.rs - log::log_64 (line 36) ... ignored
test crates\hopper-runtime\src\migrate.rs - migrate::migrate_chain (line 500) ... ignored
test crates\hopper-runtime\src\migrate.rs - migrate::migrate_layout (line 190) ... ignored
test crates\hopper-runtime\src\option_byte.rs - option_byte (line 21) ... ignored
test crates\hopper-runtime\src\pod.rs - pod (line 81) ... ignored
test crates\hopper-runtime\src\policy.rs - policy (line 37) ... ignored
test crates\hopper-runtime\src\remaining.rs - remaining (line 16) ... ignored
test crates\hopper-runtime\src\remaining.rs - remaining (line 30) ... ignored
test crates\hopper-runtime\src\segment.rs - segment::TypedSegment (line 102) ... ignored
test crates\hopper-runtime\src\segment_borrow.rs - segment_borrow::SegmentBorrowRegistry (line 122) ... ignored
test crates\hopper-runtime\src\segment_borrow.rs - segment_borrow::SegmentBorrowRegistry::register_guard (line 1050) ... ignored
test crates\hopper-runtime\src\segment_lease.rs - segment_lease (line 12) ... ignored
test crates\hopper-runtime\src\utils.rs - utils::hint (line 17) ... ignored
test crates\hopper-runtime\src\bounded_slice.rs - bounded_slice::BoundedSlice (line 24) - compile fail ... ok
test crates\hopper-runtime\src\pod.rs - pod (line 51) - compile fail ... ok
test crates\hopper-runtime\src\pod.rs - pod (line 61) - compile fail ... ok
test crates\hopper-runtime\src\pod.rs - pod (line 42) - compile fail ... ok
test crates\hopper-runtime\src\bounded_slice.rs - bounded_slice::BoundedSlice (line 19) - compile fail ... ok
test crates\hopper-runtime\src\segment_lease.rs - segment_lease::SegmentsMut (line 290) - compile fail ... ok

test result: ok. 6 passed; 0 failed; 45 ignored; 0 measured; 0 filtered out; finished in 0.28s

   Doc-tests hopper_runtime_lab

running 1 test
test examples\hopper-runtime-lab\src\lib.rs - CallerCtx<'ctx,'a,__HOPPER_BASE>::bumps (line 44) ... ignored

test result: ok. 0 passed; 0 failed; 1 ignored; 0 measured; 0 filtered out; finished in 0.00s

   Doc-tests hopper_schema

running 1 test
test crates\hopper-schema\src\lib.rs - ManifestRegistry (line 1320) ... ignored

test result: ok. 0 passed; 0 failed; 1 ignored; 0 measured; 0 filtered out; finished in 0.00s

   Doc-tests hopper_sdk

running 0 tests

test result: ok. 0 passed; 0 failed; 0 ignored; 0 measured; 0 filtered out; finished in 0.00s

   Doc-tests hopper_sentinel

running 7 tests
test examples\hopper-sentinel\src\lib.rs - AcceptAdminTransferCtx<'ctx,'a,__HOPPER_BASE>::bumps (line 256) ... ignored
test examples\hopper-sentinel\src\lib.rs - BeginAdminTransferCtx<'ctx,'a,__HOPPER_BASE>::bumps (line 244) ... ignored
test examples\hopper-sentinel\src\lib.rs - CollectFeesCtx<'ctx,'a,__HOPPER_BASE>::bumps (line 271) ... ignored
test examples\hopper-sentinel\src\lib.rs - InitializeConfigCtx<'ctx,'a,__HOPPER_BASE>::bumps (line 185) ... ignored
test examples\hopper-sentinel\src\lib.rs - InitializeLedgerCtx<'ctx,'a,__HOPPER_BASE>::bumps (line 197) ... ignored
test examples\hopper-sentinel\src\lib.rs - PauseCtx<'ctx,'a,__HOPPER_BASE>::bumps (line 217) ... ignored
test examples\hopper-sentinel\src\lib.rs - RecordEntryCtx<'ctx,'a,__HOPPER_BASE>::bumps (line 230) ... ignored

test result: ok. 0 passed; 0 failed; 7 ignored; 0 measured; 0 filtered out; finished in 0.00s

   Doc-tests hopper_smoke

running 8 tests
test examples\hopper-smoke\src\lib.rs - BumpWholeVaultCtx<'ctx,'a,__HOPPER_BASE>::bumps (line 230) ... ignored
test examples\hopper-smoke\src\lib.rs - CloseVaultCtx<'ctx,'a,__HOPPER_BASE>::bumps (line 213) ... ignored
test examples\hopper-smoke\src\lib.rs - DepositCtx<'ctx,'a,__HOPPER_BASE>::bumps (line 174) ... ignored
test examples\hopper-smoke\src\lib.rs - EmitReceiptCtx<'ctx,'a,__HOPPER_BASE>::bumps (line 273) ... ignored
test examples\hopper-smoke\src\lib.rs - InitNoteCtx<'ctx,'a,__HOPPER_BASE>::bumps (line 241) ... ignored
test examples\hopper-smoke\src\lib.rs - InitializeCtx<'ctx,'a,__HOPPER_BASE>::bumps (line 163) ... ignored
test examples\hopper-smoke\src\lib.rs - TouchNoteCtx<'ctx,'a,__HOPPER_BASE>::bumps (line 256) ... ignored
test examples\hopper-smoke\src\lib.rs - WithdrawCtx<'ctx,'a,__HOPPER_BASE>::bumps (line 203) ... ignored

test result: ok. 0 passed; 0 failed; 8 ignored; 0 measured; 0 filtered out; finished in 0.00s

   Doc-tests hopper_solana

running 8 tests
test crates\hopper-solana\src\authority.rs - authority (line 14) ... ignored
test crates\hopper-solana\src\balance.rs - balance (line 7) ... ignored
test crates\hopper-solana\src\compute.rs - compute::check_compute_remaining (line 42) ... ignored
test crates\hopper-solana\src\compute.rs - compute::require_compute_remaining (line 59) ... ignored
test crates\hopper-solana\src\crypto\ed25519.rs - crypto::ed25519 (line 28) ... ignored
test crates\hopper-solana\src\crypto\merkle.rs - crypto::merkle (line 7) ... ignored
test crates\hopper-solana\src\crypto\merkle.rs - crypto::merkle::verify_merkle_proof (line 23) ... ignored
test crates\hopper-solana\src\interface.rs - interface::InterfaceTokenAccount (line 144) ... ignored

test result: ok. 0 passed; 0 failed; 8 ignored; 0 measured; 0 filtered out; finished in 0.00s

   Doc-tests hopper_staking

running 5 tests
test crates\hopper-staking\src\staking.rs - staking::emission_rate (line 103) ... ignored
test crates\hopper-staking\src\staking.rs - staking::pending_rewards (line 64) ... ignored
test crates\hopper-staking\src\staking.rs - staking::rewards_earned (line 117) ... ignored
test crates\hopper-staking\src\staking.rs - staking::update_reward_debt (line 91) ... ignored
test crates\hopper-staking\src\staking.rs - staking::update_reward_per_token (line 34) ... ignored

test result: ok. 0 passed; 0 failed; 5 ignored; 0 measured; 0 filtered out; finished in 0.00s

   Doc-tests hopper_svm

running 0 tests

test result: ok. 0 passed; 0 failed; 0 ignored; 0 measured; 0 filtered out; finished in 0.00s

   Doc-tests hopper_system

running 0 tests

test result: ok. 0 passed; 0 failed; 0 ignored; 0 measured; 0 filtered out; finished in 0.00s

   Doc-tests hopper_core

running 39 tests
test crates\hopper-core\src\abi\typed_address.rs - abi::typed_address (line 14) ... ignored
test crates\hopper-core\src\account\realloc_guard.rs - account::realloc_guard (line 14) ... ignored
test crates\hopper-core\src\account\registry.rs - account::registry (line 53) ... ignored
test crates\hopper-core\src\account\verified.rs - account::verified::VerifiedAccount<'a,T>::map (line 116) ... ignored
test crates\hopper-core\src\account\verified.rs - account::verified::VerifiedAccountMut<'a,T>::map_mut (line 283) ... ignored
test crates\hopper-core\src\accounts\entry.rs - accounts::entry::hopper_entry (line 31) ... ignored
test crates\hopper-core\src\check\graph.rs - check::graph (line 20) ... ignored
test crates\hopper-core\src\check\graph.rs - check::graph::AccountConstraint (line 277) ... ignored
test crates\hopper-core\src\check\graph.rs - check::graph::PostMutationValidator (line 605) ... ignored
test crates\hopper-core\src\check\graph.rs - check::graph::TransitionRulePack (line 684) ... ignored
test crates\hopper-core\src\check\graph.rs - check::graph::ValidationBundle (line 519) ... ignored
test crates\hopper-core\src\check\graph.rs - check::graph::ValidationGroup (line 444) ... ignored
test crates\hopper-core\src\check\trust.rs - check::trust (line 13) ... ignored
test crates\hopper-core\src\collections\compact_tail.rs - collections::compact_tail (line 19) ... ignored
test crates\hopper-core\src\collections\journal.rs - collections::journal (line 22) ... ignored
test crates\hopper-core\src\collections\packed_map.rs - collections::packed_map (line 13) ... ignored
test crates\hopper-core\src\collections\slab.rs - collections::slab (line 27) ... ignored
test crates\hopper-core\src\cpi\mod.rs - cpi (line 13) ... ignored
test crates\hopper-core\src\diff\mod.rs - diff (line 12) ... ignored
test crates\hopper-core\src\dispatch\mod.rs - dispatch::hopper_dispatch (line 47) ... ignored
test crates\hopper-core\src\dispatch\mod.rs - dispatch::hopper_dispatch_8 (line 105) ... ignored
test crates\hopper-core\src\dispatch\mod.rs - dispatch::hopper_dispatch_lazy (line 74) ... ignored
test crates\hopper-core\src\frame\args.rs - frame::args (line 11) ... ignored
test crates\hopper-core\src\frame\mod.rs - frame::Frame<'a>::segment_mut (line 260) ... ignored
test crates\hopper-core\src\frame\phase.rs - frame::phase::PhasedFrame<'a,Unresolved>::resolve (line 74) ... ignored
test crates\hopper-core\src\frame\phase.rs - frame::phase::ResolvedFrame<'a,T>::validate (line 138) ... ignored
test crates\hopper-core\src\frame\phase.rs - frame::phase::ValidatedFrame<'a,T>::execute (line 192) ... ignored
test crates\hopper-core\src\invariant\mod.rs - invariant (line 9) ... ignored
test crates\hopper-core\src\lib.rs - anchor_discriminator (line 149) ... ignored
test crates\hopper-core\src\math\mod.rs - math::checked_mul_div (line 80) ... ignored
test crates\hopper-core\src\math\mod.rs - math::scale_amount (line 164) ... ignored
test crates\hopper-core\src\policy.rs - policy (line 10) ... ignored
test crates\hopper-core\src\policy.rs - policy (line 17) ... ignored
test crates\hopper-core\src\policy.rs - policy (line 25) ... ignored
test crates\hopper-core\src\receipt.rs - receipt (line 18) ... ignored
test crates\hopper-core\src\segment_map.rs - segment_map (line 34) ... ignored
test crates\hopper-core\src\segment_map.rs - segment_map::assert_segment_field_alignment (line 171) ... ignored
test crates\hopper-core\src\sysvar\cache.rs - sysvar::cache::SysvarContext (line 166) ... ignored
test crates\hopper-core\src\virtual_state\mod.rs - virtual_state (line 35) ... ignored

test result: ok. 0 passed; 0 failed; 39 ignored; 0 measured; 0 filtered out; finished in 0.00s

   Doc-tests hopper_test

running 2 tests
test crates\hopper-test\src\lib.rs - (line 14) ... ignored
test crates\hopper-test\src\trace.rs - trace (line 8) ... ignored

test result: ok. 0 passed; 0 failed; 2 ignored; 0 measured; 0 filtered out; finished in 0.00s

   Doc-tests hopper_token

running 0 tests

test result: ok. 0 passed; 0 failed; 0 ignored; 0 measured; 0 filtered out; finished in 0.00s

   Doc-tests hopper_token_2022

running 0 tests

test result: ok. 0 passed; 0 failed; 0 ignored; 0 measured; 0 filtered out; finished in 0.00s

   Doc-tests hopper_token_2022_vault

running 0 tests

test result: ok. 0 passed; 0 failed; 0 ignored; 0 measured; 0 filtered out; finished in 0.00s

   Doc-tests hopper_token_lab

running 11 tests
test examples\hopper-token-lab\src\lib.rs - BatchRoundTripCtx<'ctx,'a,__HOPPER_BASE>::bumps (line 91) ... ignored
test examples\hopper-token-lab\src\lib.rs - CreateGroupMemberCtx<'ctx,'a,__HOPPER_BASE>::bumps (line 159) ... ignored
test examples\hopper-token-lab\src\lib.rs - CreateMintCtx<'ctx,'a,__HOPPER_BASE>::bumps (line 59) ... ignored
test examples\hopper-token-lab\src\lib.rs - ImmutableAccountCtx<'ctx,'a,__HOPPER_BASE>::bumps (line 69) ... ignored
test examples\hopper-token-lab\src\lib.rs - InitMultisigCtx<'ctx,'a,__HOPPER_BASE>::bumps (line 118) ... ignored
test examples\hopper-token-lab\src\lib.rs - MetadataUpdateCtx<'ctx,'a,__HOPPER_BASE>::bumps (line 149) ... ignored
test examples\hopper-token-lab\src\lib.rs - MintAuthorityCtx<'ctx,'a,__HOPPER_BASE>::bumps (line 141) ... ignored
test examples\hopper-token-lab\src\lib.rs - MintToCtx<'ctx,'a,__HOPPER_BASE>::bumps (line 81) ... ignored
test examples\hopper-token-lab\src\lib.rs - UiAmountRoundTripCtx<'ctx,'a,__HOPPER_BASE>::bumps (line 102) ... ignored
test examples\hopper-token-lab\src\lib.rs - WithdrawExcessCtx<'ctx,'a,__HOPPER_BASE>::bumps (line 108) ... ignored
test examples\hopper-token-lab\src\lib.rs - WrapAndUnwrapCtx<'ctx,'a,__HOPPER_BASE>::bumps (line 130) ... ignored

test result: ok. 0 passed; 0 failed; 11 ignored; 0 measured; 0 filtered out; finished in 0.00s

   Doc-tests hopper_topology

running 0 tests

test result: ok. 0 passed; 0 failed; 0 ignored; 0 measured; 0 filtered out; finished in 0.00s

   Doc-tests hopper_vesting

running 0 tests

test result: ok. 0 passed; 0 failed; 0 ignored; 0 measured; 0 filtered out; finished in 0.00s

   Doc-tests hopper_xp_program_a

running 0 tests

test result: ok. 0 passed; 0 failed; 0 ignored; 0 measured; 0 filtered out; finished in 0.00s

error: 1 target failed:
    `-p hopper-derive --lib`
